Model,Threshold,Precision,Recall,F1_score,selected
LogisticRegression,0.05,0.9973348562726061,0.9994716992207564,0.9984021343966225,False
LogisticRegression,0.055,0.9975393268301257,0.9994570241991106,0.9984972547409781,False
LogisticRegression,0.06,0.9976852530106362,0.9993689740692367,0.9985264037653683,False
LogisticRegression,0.065,0.9977729590341675,0.9993689740692367,0.9985703288243704,False
LogisticRegression,0.07,0.9977875457875458,0.9993542990475911,0.998570307860374,False
LogisticRegression,0.075,0.9978459960436662,0.9993396240259454,0.9985922515177288,False
LogisticRegression,0.08,0.9978751776791078,0.9993102739826542,0.998592210229939,False
LogisticRegression,0.08499999999999999,0.9978898007033997,0.9993102739826542,0.9985995321997609,False
LogisticRegression,0.09,0.9979189870449616,0.9992809239393629,0.998599491124,False
LogisticRegression,0.095,0.9979335512142219,0.9992515738960714,0.9985921276470934,False
LogisticRegression,0.09999999999999999,0.9979335209285966,0.9992368988744258,0.9985847846012832,False
LogisticRegression,0.105,0.9979627431150977,0.9992222238527801,0.9985920863520371,False
LogisticRegression,0.10999999999999999,0.9979772514071295,0.9991635237661975,0.9985700352724632,False
LogisticRegression,0.11499999999999999,0.9979772514071295,0.9991635237661975,0.9985700352724632,False
LogisticRegression,0.12,0.9979918501363196,0.9991488487445519,0.998570014299857,False
LogisticRegression,0.12499999999999999,0.998006420498688,0.9991194987012606,0.9985626494184597,False
LogisticRegression,0.13,0.9980502536136276,0.9990901486579693,0.9985699304032796,False
LogisticRegression,0.135,0.9980794886455264,0.9990754736363237,0.9985772327911172,False
LogisticRegression,0.13999999999999999,0.9981086985206797,0.9990461235930324,0.9985771910524386,False
LogisticRegression,0.145,0.9981379391238051,0.9990314485713866,0.9985844939749317,False
LogisticRegression,0.14999999999999997,0.9981672091727515,0.9990314485713866,0.9985991418827239,False
LogisticRegression,0.15499999999999997,0.9982402885926708,0.998972748484804,0.9986063842272034,False
LogisticRegression,0.15999999999999998,0.9983134367758777,0.9989433984415127,0.9986283182595046,False
LogisticRegression,0.16499999999999998,0.9983426710862104,0.9989140483982214,0.9986282780121034,False
LogisticRegression,0.16999999999999998,0.9983719327065519,0.9988993733765757,0.9986355833981309,False
LogisticRegression,0.175,0.9984011734506784,0.9988700233332845,0.9986355433618451,False
LogisticRegression,0.18,0.9984158183471705,0.9988700233332845,0.9986428691945979,False
LogisticRegression,0.185,0.9984158183471705,0.9988700233332845,0.9986428691945979,False
LogisticRegression,0.19,0.9984596878300669,0.9988259982683474,0.998642809457784,False
LogisticRegression,0.195,0.9984889384425797,0.9987966482250561,0.9986427696303198,False
LogisticRegression,0.19999999999999996,0.9984888941052199,0.9987672981817648,0.9986280767396647,False
LogisticRegression,0.20499999999999996,0.998503543081821,0.9987672981817648,0.9986354032163399,False
LogisticRegression,0.20999999999999996,0.9985328423245646,0.9987672981817648,0.9986500564922012,False
LogisticRegression,0.21499999999999997,0.9985328207987324,0.9987526231601191,0.9986427098847404,False
LogisticRegression,0.21999999999999997,0.9985621010930966,0.9987379481384735,0.998650016874789,False
LogisticRegression,0.22499999999999998,0.9985767526484138,0.9987379481384735,0.9986573438887136,True
LogisticRegression,0.22999999999999998,0.998576689997212,0.9986939230735365,0.9986353030947804,False
LogisticRegression,0.235,0.9986059547742381,0.9986645730302453,0.9986352630420428,False
LogisticRegression,0.24,0.9986352630420428,0.9986645730302453,0.9986499178210848,False
LogisticRegression,0.245,0.9986498980085996,0.9986498980085996,0.9986498980085996,False
LogisticRegression,0.24999999999999994,0.9986645142353977,0.9986205479653083,0.9986425306164378,False
LogisticRegression,0.25499999999999995,0.9986644750359565,0.9985911979220169,0.9986278351347583,False
LogisticRegression,0.25999999999999995,0.998679073590278,0.99854717285708,0.9986131188681876,False
LogisticRegression,0.26499999999999996,0.9987230482452921,0.99854717285708,0.9986351028075788,False
LogisticRegression,0.26999999999999996,0.9987229920150306,0.998503147792143,0.9986130578039348,False
LogisticRegression,0.27499999999999997,0.9987376332090538,0.9984884727704973,0.9986130374479889,False
LogisticRegression,0.27999999999999997,0.9987815798358802,0.998459122727206,0.9986203252509834,False
LogisticRegression,0.285,0.9988108869902228,0.9984444477055604,0.9986276337323226,False
LogisticRegression,0.29,0.998810869533303,0.9984297726839148,0.9986202847497432,False
LogisticRegression,0.295,0.9988401967261249,0.9984297726839148,0.9986349425354841,False
LogisticRegression,0.3,0.998869442649909,0.9983563975756864,0.9986128542175837,False
LogisticRegression,0.30499999999999994,0.9988840760590265,0.9983270475323951,0.9986054841171981,False
LogisticRegression,0.30999999999999994,0.9988840760590265,0.9983270475323951,0.9986054841171981,False
LogisticRegression,0.31499999999999995,0.9988840269008252,0.9982830224674581,0.998583434254468,False
LogisticRegression,0.31999999999999995,0.9988840105137957,0.9982683474458125,0.9985760840844368,False
LogisticRegression,0.32499999999999996,0.9988986622417363,0.9982536724241668,0.9985760631816915,False
LogisticRegression,0.32999999999999996,0.9989279682796094,0.9982243223808756,0.9985760213743595,False
LogisticRegression,0.33499999999999996,0.9989279367923282,0.9981949723375843,0.998561320062245,False
LogisticRegression,0.33999999999999997,0.998927889557938,0.9981509472726472,0.9985392672847254,False
LogisticRegression,0.3449999999999999,0.9989425294109008,0.9981215972293559,0.9985318945900316,False
LogisticRegression,0.3499999999999999,0.9989718582926973,0.9981069222077102,0.9985392029480206,False
LogisticRegression,0.3549999999999999,0.9989718280896566,0.998077572164419,0.99852449990824,False
LogisticRegression,0.35999999999999993,0.9989717978848414,0.9980482221211276,0.9985097964367251,False
LogisticRegression,0.36499999999999994,0.9989717827817682,0.998033547099482,0.9985024445390612,False
LogisticRegression,0.36999999999999994,0.9989864418232296,0.9980188720778363,0.9985024225517545,False
LogisticRegression,0.37499999999999994,0.9990011163993184,0.9980188720778363,0.9985097526776735,False
LogisticRegression,0.37999999999999995,0.9990157769486148,0.9980041970561907,0.9985097307971839,False
LogisticRegression,0.38499999999999995,0.9990597637656461,0.9979601719912536,0.99850966515186,False
LogisticRegression,0.38999999999999996,0.9990743869650177,0.997901471904671,0.9984875849815721,False
LogisticRegression,0.39499999999999996,0.9991037188321897,0.9978721218613797,0.9984875405647494,False
LogisticRegression,0.3999999999999999,0.999103626638453,0.9977693967098602,0.9984360659348728,False
LogisticRegression,0.4049999999999999,0.9991329904481998,0.9977693967098602,0.9984507280109844,False
LogisticRegression,0.4099999999999999,0.9991623313640773,0.9977400466665688,0.9984506825073978,False
LogisticRegression,0.4149999999999999,0.9991916876093059,0.9977253716449231,0.9984579912766364,False
LogisticRegression,0.41999999999999993,0.9992210578915653,0.9977253716449231,0.9984726546437174,False
LogisticRegression,0.42499999999999993,0.9992357099813337,0.9976813465799862,0.9984579233367602,False
LogisticRegression,0.42999999999999994,0.9992357099813337,0.9976813465799862,0.9984579233367602,False
LogisticRegression,0.43499999999999994,0.9992356762795073,0.9976373215150492,0.9984358592126423,False
LogisticRegression,0.43999999999999995,0.9992650301337646,0.997607971471758,0.9984358132669472,False
LogisticRegression,0.44499999999999995,0.9992797189433917,0.997607971471758,0.9984431454337162,False
LogisticRegression,0.4499999999999999,0.9992943978126332,0.9975932964501123,0.998443122567379,False
LogisticRegression,0.4549999999999999,0.9992943978126332,0.9975932964501123,0.998443122567379,False
LogisticRegression,0.4599999999999999,0.9992943770672547,0.997563946406821,0.9984284119616944,False
LogisticRegression,0.4649999999999999,0.9992943770672547,0.997563946406821,0.9984284119616944,False
LogisticRegression,0.4699999999999999,0.9993090572306426,0.9975492713851752,0.9984283888782809,False
LogisticRegression,0.4749999999999999,0.9993090470730058,0.9975345963635296,0.9984210333051812,False
LogisticRegression,0.4799999999999999,0.9993237084301214,0.9974905712985926,0.9984062984261279,False
LogisticRegression,0.48499999999999993,0.9993384006939442,0.9974905712985926,0.9984136310223267,False
LogisticRegression,0.48999999999999994,0.9993530743670421,0.9974612212553013,0.9984062516066012,False
LogisticRegression,0.49499999999999994,0.9993530458308215,0.9974171961903644,0.9983841826167428,False
LogisticRegression,0.49999999999999994,0.9993677121472789,0.9973731711254274,0.9983694454645612,False
LogisticRegression,0.5049999999999999,0.9993676842538675,0.9973291460604904,0.9983473745290017,False
LogisticRegression,0.5099999999999999,0.9993823620240879,0.9972997960171991,0.9983399929486426,False
LogisticRegression,0.5149999999999999,0.999382343857998,0.9972704459739078,0.9983252780185394,False
LogisticRegression,0.5199999999999999,0.9993970233543149,0.9972410959306165,0.9983178956801504,False
LogisticRegression,0.5249999999999999,0.9993970144863593,0.9972264209089708,0.998310537836607,False
LogisticRegression,0.5299999999999999,0.9993969967496654,0.9971970708656795,0.9982958218252336,False
LogisticRegression,0.5349999999999999,0.9994116868409054,0.9971823958440339,0.9982957967884585,False
LogisticRegression,0.5399999999999999,0.9994263777964082,0.9971677208223882,0.9982957717509476,False
LogisticRegression,0.5449999999999999,0.999426352484335,0.9971236957574512,0.9982736962733877,False
LogisticRegression,0.5499999999999999,0.9994704402700755,0.9970943457141599,0.9982809791072845,False
LogisticRegression,0.5549999999999999,0.9994704402700755,0.9970943457141599,0.9982809791072845,False
LogisticRegression,0.5599999999999999,0.9994851426890262,0.9970943457141599,0.9982883127759453,False
LogisticRegression,0.565,0.9994851123926092,0.9970356456275773,0.9982588764243052,False
LogisticRegression,0.57,0.9994997719548617,0.9969475954977034,0.9982220524274127,False
LogisticRegression,0.575,0.9994997719548617,0.9969475954977034,0.9982220524274127,False
LogisticRegression,0.58,0.9994997498749375,0.9969035704327663,0.9981999720811996,False
LogisticRegression,0.585,0.9994997277930638,0.9968595453678294,0.9981778907616122,False
LogisticRegression,0.59,0.9994997204320061,0.9968448703461837,0.9981705301054333,False
LogisticRegression,0.595,0.9994997130707317,0.9968301953245381,0.9981631693410921,False
LogisticRegression,0.6,0.9994996836234677,0.9967714952379555,0.9981337252020573,False
LogisticRegression,0.605,0.9995143845191671,0.9967568202163098,0.9981336977766021,False
LogisticRegression,0.61,0.9995290793501295,0.9967274701730185,0.9981263088283919,False
LogisticRegression,0.615,0.9995290724198319,0.9967127951513729,0.99811894719826,False
LogisticRegression,0.62,0.9995731904747888,0.9966834451080815,0.9981262262196063,False
LogisticRegression,0.625,0.9995878837832268,0.9966394200431445,0.9981114744461183,False
LogisticRegression,0.63,0.9995878716514571,0.9966100699998532,0.9980967497777092,False
LogisticRegression,0.635,0.9995878655853044,0.9965953949782076,0.9980893872811981,False
LogisticRegression,0.6399999999999999,0.9996025612718039,0.9965513699132706,0.9980746336659857,False
LogisticRegression,0.6449999999999999,0.9996172699571637,0.996536694891625,0.9980746053675887,False
LogisticRegression,0.6499999999999999,0.999631974090976,0.9965073448483337,0.998067213921939,False
LogisticRegression,0.6549999999999999,0.9996466743220563,0.9964633197833966,0.9980524586790526,False
LogisticRegression,0.6599999999999999,0.9996466743220563,0.9964633197833966,0.9980524586790526,False
LogisticRegression,0.6649999999999999,0.9996466639184971,0.9964339697401053,0.998037731411731,False
LogisticRegression,0.6699999999999999,0.9996466587164878,0.9964192947184597,0.998030367615716,False
LogisticRegression,0.6749999999999999,0.9996466587164878,0.9964192947184597,0.998030367615716,False
LogisticRegression,0.6799999999999999,0.9996466483120096,0.9963899446751684,0.9980156396989652,False
LogisticRegression,0.6849999999999999,0.9996466483120096,0.9963899446751684,0.9980156396989652,False
LogisticRegression,0.69,0.9996466327041432,0.9963459196102314,0.9979935470120019,False
LogisticRegression,0.695,0.9996466275012147,0.9963312445885858,0.9979861825665147,False
LogisticRegression,0.7,0.999646622298133,0.9963165695669401,0.9979788180127739,False
LogisticRegression,0.705,0.999646622298133,0.9963165695669401,0.9979788180127739,False
LogisticRegression,0.71,0.9996466118915098,0.9962872195236488,0.9979640885805214,False
LogisticRegression,0.715,0.9996466014842738,0.9962578694803574,0.9979493587152255,False
LogisticRegression,0.72,0.9996466014842738,0.9962578694803574,0.9979493587152255,False
LogisticRegression,0.725,0.9996760322789656,0.9962285194370661,0.9979492984248554,False
LogisticRegression,0.73,0.9996907353136091,0.9961698193504835,0.9979271716919277,False
LogisticRegression,0.735,0.999690730759035,0.9961551443288379,0.9979198059465618,False
LogisticRegression,0.74,0.9996907262043269,0.9961404693071922,0.9979124400929111,False
LogisticRegression,0.7449999999999999,0.9996907125393973,0.9960964442422553,0.9978903418822267,False
LogisticRegression,0.7499999999999999,0.9997054361753833,0.9960964442422553,0.9978976771537783,False
LogisticRegression,0.7549999999999999,0.999705414481824,0.9960230691340269,0.9978608446355717,False
LogisticRegression,0.7599999999999999,0.9997054101427287,0.9960083941123813,0.9978534778070188,False
LogisticRegression,0.7649999999999999,0.9997054058035056,0.9959937190907356,0.9978461108701565,False
LogisticRegression,0.7699999999999999,0.9997054014641548,0.99597904406909,0.9978387438249824,False
LogisticRegression,0.7749999999999999,0.999720106654096,0.9959056689608617,0.9978092423507271,False
LogisticRegression,0.7799999999999999,0.999720106654096,0.9959056689608617,0.9978092423507271,False
LogisticRegression,0.7849999999999999,0.9997200942840306,0.9958616438959248,0.9977871389397381,False
LogisticRegression,0.7899999999999999,0.9997200860367129,0.9958322938526334,0.9977724027907455,False
LogisticRegression,0.7949999999999999,0.9997348066298343,0.9958029438093421,0.9977650016909526,False
LogisticRegression,0.7999999999999999,0.999749528524281,0.9957735937660508,0.9977576002646766,False
LogisticRegression,0.8049999999999999,0.999749524833876,0.9957589187444051,0.9977502315938065,False
LogisticRegression,0.8099999999999999,0.9997495137620086,0.9957148936794682,0.9977281249310718,False
LogisticRegression,0.815,0.9997495063802199,0.9956855436361769,0.9977133866141211,False
LogisticRegression,0.82,0.9997495063802199,0.9956855436361769,0.9977133866141211,False
LogisticRegression,0.825,0.999749498997996,0.9956561935928856,0.9976986478637129,False
LogisticRegression,0.83,0.999749491615337,0.9956268435495942,0.9976839086798279,False
LogisticRegression,0.835,0.9997494731567856,0.9955534684413659,0.9976470588235294,False
LogisticRegression,0.84,0.9997641857037582,0.995465418311492,0.9976101711117484,False
LogisticRegression,0.845,0.9997641683248581,0.9953920432032637,0.9975733152925258,False
LogisticRegression,0.8499999999999999,0.9997641648487707,0.995377368181618,0.9975659438034518,False
LogisticRegression,0.8549999999999999,0.9997641544198935,0.9953333431166811,0.9975438286857278,False
LogisticRegression,0.8599999999999999,0.9997641370363819,0.9952599680084528,0.997506967987704,False
LogisticRegression,0.8649999999999999,0.9997788589119858,0.9951865929002245,0.997477440374192,False
LogisticRegression,0.8699999999999999,0.9997788360880527,0.9950838677487049,0.9974258270449965,False
LogisticRegression,0.8749999999999999,0.9997787904260497,0.9948784174456657,0.9973225844415676,False
LogisticRegression,0.8799999999999999,0.999778754535532,0.9947169922075635,0.9972414503350718,False
LogisticRegression,0.8849999999999999,0.999778721897681,0.9945702419911069,0.9971676806615121,False
LogisticRegression,0.8899999999999999,0.9997786729228454,0.994350116666422,0.9970570057976986,False
LogisticRegression,0.8949999999999999,0.999793400625701,0.9942327164932568,0.9970053050983393,False
LogisticRegression,0.8999999999999999,0.9997933762323632,0.9941153163200915,0.9969462615618953,False
LogisticRegression,0.9049999999999999,0.9997933457325894,0.993968566103635,0.9968724473651289,False
LogisticRegression,0.9099999999999999,0.9997932786013821,0.9936457156274305,0.9967100178851377,False
LogisticRegression,0.9149999999999999,0.999793217535153,0.9933522151945174,0.99656230906829,False
LogisticRegression,0.9199999999999999,0.9997931411516128,0.992985339653376,0.996377611874365,False
LogisticRegression,0.9249999999999999,0.9997930830623707,0.9927065142421085,0.9962371965273227,False
LogisticRegression,0.9299999999999999,0.9998077719287869,0.9922515885710932,0.9960153493750507,False
LogisticRegression,0.9349999999999999,0.9998372371750293,0.9916205626403299,0.9957119490738694,False
LogisticRegression,0.94,0.9998371480176472,0.9910775868394406,0.9954380974139392,False
LogisticRegression,0.945,0.9998666745674331,0.9904905859736143,0.9951565460349289,False
LogisticRegression,0.95,0.9998665994723268,0.9899329351510794,0.9948749714252004,False
RandomForest,0.05,0.9829215168693294,1.0,0.9913872117552921,False
RandomForest,0.055,0.9839149833229854,1.0,0.9918922852983988,False
RandomForest,0.06,0.9839149833229854,1.0,0.9918922852983988,False
RandomForest,0.065,0.9848390686649998,0.9999853249783544,0.9923544060465725,False
RandomForest,0.07,0.9848390686649998,0.9999853249783544,0.9923544060465725,False
RandomForest,0.075,0.9859933439444364,0.9999853249783544,0.9929400450263383,False
RandomForest,0.08,0.9859933439444364,0.9999853249783544,0.9929400450263383,False
RandomForest,0.08499999999999999,0.9869785631517961,0.9999706499567087,0.9934321308033794,False
RandomForest,0.09,0.9869785631517961,0.9999706499567087,0.9934321308033794,False
RandomForest,0.095,0.9879373088019949,0.9999706499567087,0.9939175588552758,False
RandomForest,0.09999999999999999,0.9879373088019949,0.9999706499567087,0.9939175588552758,False
RandomForest,0.105,0.9890414537854157,0.9999706499567087,0.9944760250731544,False
RandomForest,0.10999999999999999,0.9890414537854157,0.9999706499567087,0.9944760250731544,False
RandomForest,0.11499999999999999,0.9898316410278758,0.9999706499567087,0.9948753139052736,False
RandomForest,0.12,0.9898316410278758,0.9999706499567087,0.9948753139052736,False
RandomForest,0.12499999999999999,0.990709508578075,0.9999706499567087,0.9953185366958072,False
RandomForest,0.13,0.990709508578075,0.9999706499567087,0.9953185366958072,False
RandomForest,0.135,0.9915598306145317,0.9999412999134174,0.9957329280589207,False
RandomForest,0.13999999999999999,0.9915598306145317,0.9999412999134174,0.9957329280589207,False
RandomForest,0.145,0.9923395083304206,0.9999266248917718,0.9961186196612747,False
RandomForest,0.14999999999999997,0.9923395083304206,0.9999266248917718,0.9961186196612747,False
RandomForest,0.15499999999999997,0.9931494869402985,0.9999266248917718,0.9965265336268108,False
RandomForest,0.15999999999999998,0.9931494869402985,0.9999266248917718,0.9965265336268108,False
RandomForest,0.16499999999999998,0.9936852851101065,0.9999119498701261,0.9967888935214647,False
RandomForest,0.16999999999999998,0.9936852851101065,0.9999119498701261,0.9967888935214647,False
RandomForest,0.175,0.9943958786357467,0.9999119498701261,0.997146285781186,False
RandomForest,0.18,0.9943958786357467,0.9999119498701261,0.997146285781186,False
RandomForest,0.185,0.9949766355140187,0.9998972748484805,0.9974308864539646,False
RandomForest,0.19,0.9949766355140187,0.9998972748484805,0.9974308864539646,False
RandomForest,0.195,0.995427185600748,0.9998825998268347,0.9976499183694387,False
RandomForest,0.19999999999999996,0.995427185600748,0.9998825998268347,0.9976499183694387,False
RandomForest,0.20499999999999996,0.9958491062424181,0.9998825998268347,0.9978617770682914,False
RandomForest,0.20999999999999996,0.9958491062424181,0.9998825998268347,0.9978617770682914,False
RandomForest,0.21499999999999997,0.9961548583291909,0.9998825998268347,0.9980152481672172,False
RandomForest,0.21999999999999997,0.9961548583291909,0.9998825998268347,0.9980152481672172,False
RandomForest,0.22499999999999998,0.9965336180544383,0.999867924805189,0.9981979870196463,False
RandomForest,0.22999999999999998,0.9965336180544383,0.999867924805189,0.9981979870196463,False
RandomForest,0.235,0.9967376675054128,0.9998532497835434,0.9982930277877493,False
RandomForest,0.24,0.9967376675054128,0.9998532497835434,0.9982930277877493,False
RandomForest,0.245,0.9969855276058358,0.9998238997402521,0.9984026963657678,False
RandomForest,0.24999999999999994,0.9969855276058358,0.9998238997402521,0.9984026963657678,False
RandomForest,0.25499999999999995,0.9971460351842637,0.9998238997402521,0.9984831720024328,False
RandomForest,0.25999999999999995,0.9971460351842637,0.9998238997402521,0.9984831720024328,False
RandomForest,0.26499999999999996,0.9973211933132301,0.9998238997402521,0.9985709784034531,False
RandomForest,0.26999999999999996,0.9973211933132301,0.9998238997402521,0.9985709784034531,False
RandomForest,0.27499999999999997,0.99743799959008,0.9998238997402521,0.9986295245842769,False
RandomForest,0.27999999999999997,0.99743799959008,0.9998238997402521,0.9986295245842769,False
RandomForest,0.285,0.9975547258218025,0.9997798746753151,0.9986660607748574,False
RandomForest,0.29,0.9975547258218025,0.9997798746753151,0.9986660607748574,False
RandomForest,0.295,0.9976131205154488,0.9997651996536695,0.998688000703642,False
RandomForest,0.3,0.9976131205154488,0.9997651996536695,0.998688000703642,False
RandomForest,0.30499999999999994,0.9976861682653584,0.9997651996536695,0.9987246019878617,False
RandomForest,0.30999999999999994,0.9976861682653584,0.9997651996536695,0.9987246019878617,False
RandomForest,0.31499999999999995,0.9977592267135326,0.9997651996536695,0.9987612059550076,False
RandomForest,0.31999999999999995,0.9977592267135326,0.9997651996536695,0.9987612059550076,False
RandomForest,0.32499999999999996,0.9978469109763599,0.9997651996536695,0.9988051342574605,False
RandomForest,0.32999999999999996,0.9978469109763599,0.9997651996536695,0.9988051342574605,False
RandomForest,0.33499999999999996,0.9978761113796487,0.9997505246320239,0.9988124386060082,False
RandomForest,0.33999999999999997,0.9978761113796487,0.9997505246320239,0.9988124386060082,False
RandomForest,0.3449999999999999,0.997949168680876,0.9997358496103782,0.9988417101636268,False
RandomForest,0.3499999999999999,0.997949168680876,0.9997358496103782,0.9988417101636268,False
RandomForest,0.3549999999999999,0.9980222388256493,0.9997211745887326,0.998870984296418,False
RandomForest,0.35999999999999993,0.9980222388256493,0.9997211745887326,0.998870984296418,False
RandomForest,0.36499999999999994,0.9980806142034548,0.9996624745021498,0.9988709180755752,False
RandomForest,0.36999999999999994,0.9980806142034548,0.9996624745021498,0.9988709180755752,False
RandomForest,0.37499999999999994,0.998124487164459,0.9996624745021498,0.9988928888269754,False
RandomForest,0.37999999999999995,0.998124487164459,0.9996624745021498,0.9988928888269754,False
RandomForest,0.38499999999999995,0.9981829105669612,0.9996184494372129,0.9989001642421398,False
RandomForest,0.38999999999999996,0.9981829105669612,0.9996184494372129,0.9989001642421398,False
RandomForest,0.39499999999999996,0.9982267684687193,0.9996037744155672,0.9989147968910398,False
RandomForest,0.3999999999999999,0.9982267684687193,0.9996037744155672,0.9989147968910398,False
RandomForest,0.4049999999999999,0.9982852117836729,0.9995597493506303,0.9989220740175841,False
RandomForest,0.4099999999999999,0.9982852117836729,0.9995597493506303,0.9989220740175841,False
RandomForest,0.4149999999999999,0.9983291072449324,0.9995597493506303,0.9989440492777004,False
RandomForest,0.41999999999999993,0.9983291072449324,0.9995597493506303,0.9989440492777004,True
RandomForest,0.42499999999999993,0.9983437156467571,0.9995450743289847,0.9989440337909187,False
RandomForest,0.42999999999999994,0.9983437156467571,0.9995450743289847,0.9989440337909187,False
RandomForest,0.43499999999999994,0.9983728873187822,0.999486374242402,0.9989293204851791,False
RandomForest,0.43999999999999995,0.9983728873187822,0.999486374242402,0.9989293204851791,False
RandomForest,0.44499999999999995,0.9984313610508415,0.999442349177465,0.9989365993179568,False
RandomForest,0.4499999999999999,0.9984313610508415,0.999442349177465,0.9989365993179568,False
RandomForest,0.4549999999999999,0.9984752298151216,0.9994129991341737,0.998943894389439,False
RandomForest,0.4599999999999999,0.9984752298151216,0.9994129991341737,0.998943894389439,False
RandomForest,0.4649999999999999,0.9985044207562939,0.9993542990475911,0.9989291791351288,False
RandomForest,0.4699999999999999,0.9985044207562939,0.9993542990475911,0.9989291791351288,False
RandomForest,0.4749999999999999,0.9985043988269795,0.9993396240259454,0.9989218368379749,False
RandomForest,0.4799999999999999,0.9985043988269795,0.9993396240259454,0.9989218368379749,False
RandomForest,0.48499999999999993,0.998548280665738,0.9993102739826542,0.9989291320101512,False
RandomForest,0.48999999999999994,0.998548280665738,0.9993102739826542,0.9989291320101512,False
RandomForest,0.49499999999999994,0.9985775040328494,0.9992662489177172,0.998921757754909,False
RandomForest,0.49999999999999994,0.9985775040328494,0.9992662489177172,0.998921757754909,False
RandomForest,0.5049999999999999,0.9986213774492549,0.9992222238527801,0.9989217102995005,False
RandomForest,0.5099999999999999,0.9986213774492549,0.9992222238527801,0.9989217102995005,False
RandomForest,0.5149999999999999,0.9986799454377447,0.9992075488311345,0.9989436774695207,False
RandomForest,0.5199999999999999,0.9986799454377447,0.9992075488311345,0.9989436774695207,False
RandomForest,0.5249999999999999,0.9986944786715953,0.9991194987012606,0.9989069434765067,False
RandomForest,0.5299999999999999,0.9986944786715953,0.9991194987012606,0.9989069434765067,False
RandomForest,0.5349999999999999,0.9987823305899095,0.9990754736363237,0.9989288806068698,False
RandomForest,0.5399999999999999,0.9987823305899095,0.9990754736363237,0.9989288806068698,False
RandomForest,0.5449999999999999,0.9987969130549605,0.9990167735497409,0.9989068312044665,False
RandomForest,0.5499999999999999,0.9987969130549605,0.9990167735497409,0.9989068312044665,False
RandomForest,0.5549999999999999,0.9988114279006295,0.9988993733765757,0.9988553987027852,False
RandomForest,0.5599999999999999,0.9988114279006295,0.9988993733765757,0.9988553987027852,False
RandomForest,0.565,0.9988260499515745,0.9988700233332845,0.9988480361584574,False
RandomForest,0.57,0.9988260499515745,0.9988700233332845,0.9988480361584574,False
RandomForest,0.575,0.9988699238299309,0.9987819732034104,0.9988259465805694,False
RandomForest,0.58,0.9988699238299309,0.9987819732034104,0.9988259465805694,False
RandomForest,0.585,0.9988991956789761,0.9987379481384735,0.9988185654008439,False
RandomForest,0.59,0.9988991956789761,0.9987379481384735,0.9988185654008439,False
RandomForest,0.595,0.998943134779673,0.9986939230735365,0.9988185133816202,False
RandomForest,0.6,0.998943134779673,0.9986939230735365,0.9988185133816202,False
RandomForest,0.605,0.9990017029772741,0.9986058729436625,0.9988037487432023,False
RandomForest,0.61,0.9990017029772741,0.9986058729436625,0.9988037487432023,False
RandomForest,0.615,0.9990749577857719,0.9985178228137886,0.9987963126064235,False
RandomForest,0.62,0.9990749577857719,0.9985178228137886,0.9987963126064235,False
RandomForest,0.625,0.9991042321360393,0.9984444477055604,0.9987742309583753,False
RandomForest,0.63,0.9991042321360393,0.9984444477055604,0.9987742309583753,False
RandomForest,0.635,0.9991188003936025,0.9983270475323951,0.9987227670444536,False
RandomForest,0.6399999999999999,0.9991188003936025,0.9983270475323951,0.9987227670444536,False
RandomForest,0.6449999999999999,0.9991627743015775,0.9982683474458125,0.9987153606166269,False
RandomForest,0.6499999999999999,0.9991627743015775,0.9982683474458125,0.9987153606166269,False
RandomForest,0.6549999999999999,0.9991920438352945,0.9981656222942928,0.9986785693310625,False
RandomForest,0.6599999999999999,0.9991920438352945,0.9981656222942928,0.9986785693310625,False
RandomForest,0.6649999999999999,0.9992213668684257,0.9981215972293559,0.9986711792733333,False
RandomForest,0.6699999999999999,0.9992213668684257,0.9981215972293559,0.9986711792733333,False
RandomForest,0.6749999999999999,0.9992506611813106,0.998033547099482,0.998641733295155,False
RandomForest,0.6799999999999999,0.9992506611813106,0.998033547099482,0.998641733295155,False
RandomForest,0.6849999999999999,0.9992946777558998,0.997989522034545,0.9986416734582994,False
RandomForest,0.69,0.9992946777558998,0.997989522034545,0.9986416734582994,False
RandomForest,0.695,0.9993240165175095,0.997945496969608,0.9986342810150376,False
RandomForest,0.7,0.9993240165175095,0.997945496969608,0.9986342810150376,False
RandomForest,0.705,0.999368028100704,0.9978721218613797,0.9986195147741291,False
RandomForest,0.71,0.999368028100704,0.9978721218613797,0.9986195147741291,False
RandomForest,0.715,0.9993679166237928,0.9976960216016318,0.9985312692770907,False
RandomForest,0.72,0.9993679166237928,0.9976960216016318,0.9985312692770907,False
RandomForest,0.725,0.9993825708573445,0.9976373215150492,0.99850918357605,False
RandomForest,0.73,0.9993825708573445,0.9976373215150492,0.99850918357605,False
RandomForest,0.735,0.9993824800776311,0.9974905712985926,0.9984356294571708,False
RandomForest,0.74,0.9993824800776311,0.9974905712985926,0.9984356294571708,False
RandomForest,0.7449999999999999,0.999441192906091,0.9973731711254274,0.9984061111315142,False
RandomForest,0.7499999999999999,0.999441192906091,0.9973731711254274,0.9984061111315142,False
RandomForest,0.7549999999999999,0.9994999264597735,0.9972557709522621,0.9983765876018306,False
RandomForest,0.7599999999999999,0.9994999264597735,0.9972557709522621,0.9983765876018306,False
RandomForest,0.7649999999999999,0.9995439566905967,0.9970943457141599,0.9983176485281261,False
RandomForest,0.7699999999999999,0.9995439566905967,0.9970943457141599,0.9983176485281261,False
RandomForest,0.7749999999999999,0.999602719166593,0.9969475954977034,0.9982733918665736,False
RandomForest,0.7799999999999999,0.999602719166593,0.9969475954977034,0.9982733918665736,False
RandomForest,0.7849999999999999,0.9996026548542332,0.9967861702596011,0.998192425823328,False
RandomForest,0.7899999999999999,0.9996026548542332,0.9967861702596011,0.998192425823328,False
RandomForest,0.7949999999999999,0.9996467263306642,0.9966100699998532,0.9981260885221085,False
RandomForest,0.7999999999999999,0.9996467263306642,0.9966100699998532,0.9981260885221085,False
RandomForest,0.8049999999999999,0.9996761133603239,0.9964779948050423,0.9980744921656819,False
RandomForest,0.8099999999999999,0.9996761133603239,0.9964779948050423,0.9980744921656819,False
RandomForest,0.815,0.9996907580844672,0.9962431944587118,0.9979639987945697,False
RandomForest,0.82,0.9996907580844672,0.9962431944587118,0.9979639987945697,False
RandomForest,0.825,0.9996906715373625,0.9959643690474443,0.9978240414020231,False
RandomForest,0.83,0.9996906715373625,0.9959643690474443,0.9978240414020231,False
RandomForest,0.835,0.9997052972813674,0.9956268435495942,0.9976619022410447,False
RandomForest,0.84,0.9997052972813674,0.9956268435495942,0.9976619022410447,False
RandomForest,0.845,0.9997493660435218,0.9951278928136419,0.9974332762133102,False
RandomForest,0.8499999999999999,0.9997493660435218,0.9951278928136419,0.9974332762133102,False
RandomForest,0.8549999999999999,0.9997787610619469,0.9947463422508548,0.9972562029674201,False
RandomForest,0.8599999999999999,0.9997787610619469,0.9947463422508548,0.9972562029674201,False
RandomForest,0.8649999999999999,0.9998081803694742,0.9943647916880678,0.9970790567634183,False
RandomForest,0.8699999999999999,0.9998081803694742,0.9943647916880678,0.9970790567634183,False
RandomForest,0.8749999999999999,0.9998671370997505,0.9939392160603437,0.9968943642277859,False
RandomForest,0.8799999999999999,0.9998671370997505,0.9939392160603437,0.9968943642277859,False
RandomForest,0.8849999999999999,0.999896595021789,0.9933228651512261,0.996598889854091,False
RandomForest,0.8899999999999999,0.999896595021789,0.9933228651512261,0.996598889854091,False
RandomForest,0.8949999999999999,0.9998965170599018,0.9925744390472976,0.9962220241996657,False
RandomForest,0.8999999999999999,0.9998965170599018,0.9925744390472976,0.9962220241996657,False
RandomForest,0.9049999999999999,0.9999260256543031,0.9918260129433691,0.9958595488234341,False
RandomForest,0.9099999999999999,0.9999260256543031,0.9918260129433691,0.9958595488234341,False
RandomForest,0.9149999999999999,0.999925963218527,0.9909895367095667,0.99543769393486,False
RandomForest,0.9199999999999999,0.999925963218527,0.9909895367095667,0.99543769393486,False
RandomForest,0.9249999999999999,0.9999555351346544,0.9900650103458902,0.9949856944813144,False
RandomForest,0.9299999999999999,0.9999555351346544,0.9900650103458902,0.9949856944813144,False
RandomForest,0.9349999999999999,0.9999555001779993,0.9892872341986705,0.9945927603478928,False
RandomForest,0.94,0.9999555001779993,0.9892872341986705,0.9945927603478928,False
RandomForest,0.945,0.9999703008523655,0.9882159576185375,0.9940583828468096,False
RandomForest,0.95,0.9999703008523655,0.9882159576185375,0.9940583828468096,False
DecisionTree,0.05,0.9977445811364968,0.9997505246320239,0.9987465456704515,False
DecisionTree,0.055,0.9977445811364968,0.9997505246320239,0.9987465456704515,False
DecisionTree,0.06,0.9977445811364968,0.9997505246320239,0.9987465456704515,False
DecisionTree,0.065,0.9977445811364968,0.9997505246320239,0.9987465456704515,False
DecisionTree,0.07,0.9977445811364968,0.9997505246320239,0.9987465456704515,False
DecisionTree,0.075,0.9977445811364968,0.9997505246320239,0.9987465456704515,False
DecisionTree,0.08,0.9977445811364968,0.9997505246320239,0.9987465456704515,False
DecisionTree,0.08499999999999999,0.9977445811364968,0.9997505246320239,0.9987465456704515,False
DecisionTree,0.09,0.9977445811364968,0.9997505246320239,0.9987465456704515,False
DecisionTree,0.095,0.9977445811364968,0.9997505246320239,0.9987465456704515,False
DecisionTree,0.09999999999999999,0.9977445811364968,0.9997505246320239,0.9987465456704515,False
DecisionTree,0.105,0.9977445811364968,0.9997505246320239,0.9987465456704515,False
DecisionTree,0.10999999999999999,0.9977445811364968,0.9997505246320239,0.9987465456704515,False
DecisionTree,0.11499999999999999,0.9977445811364968,0.9997505246320239,0.9987465456704515,False
DecisionTree,0.12,0.9977445811364968,0.9997505246320239,0.9987465456704515,False
DecisionTree,0.12499999999999999,0.9977445811364968,0.9997505246320239,0.9987465456704515,False
DecisionTree,0.13,0.997875862473082,0.9996331244588585,0.998753720510828,False
DecisionTree,0.135,0.998211825403805,0.9994276741558193,0.9988193797710624,False
DecisionTree,0.13999999999999999,0.998211825403805,0.9994276741558193,0.9988193797710624,False
DecisionTree,0.145,0.998211825403805,0.9994276741558193,0.9988193797710624,True
DecisionTree,0.14999999999999997,0.9982555923656513,0.9993542990475911,0.998804643556442,False
DecisionTree,0.15499999999999997,0.9982555923656513,0.9993542990475911,0.998804643556442,False
DecisionTree,0.15999999999999998,0.9982555923656513,0.9993542990475911,0.998804643556442,False
DecisionTree,0.16499999999999998,0.9982555923656513,0.9993542990475911,0.998804643556442,False
DecisionTree,0.16999999999999998,0.9983427683102103,0.998972748484804,0.9986576590453975,False
DecisionTree,0.175,0.9984741560175472,0.9987085980951822,0.9985913632962099,False
DecisionTree,0.18,0.9984741560175472,0.9987085980951822,0.9985913632962099,False
DecisionTree,0.185,0.9984741560175472,0.9987085980951822,0.9985913632962099,False
DecisionTree,0.19,0.9984741560175472,0.9987085980951822,0.9985913632962099,False
DecisionTree,0.195,0.9984741560175472,0.9987085980951822,0.9985913632962099,False
DecisionTree,0.19999999999999996,0.9984741560175472,0.9987085980951822,0.9985913632962099,False
DecisionTree,0.20499999999999996,0.9984741560175472,0.9987085980951822,0.9985913632962099,False
DecisionTree,0.20999999999999996,0.9984741336306816,0.9986939230735365,0.9985840162581345,False
DecisionTree,0.21499999999999997,0.9984741336306816,0.9986939230735365,0.9985840162581345,False
DecisionTree,0.21999999999999997,0.9984741336306816,0.9986939230735365,0.9985840162581345,False
DecisionTree,0.22499999999999998,0.9984741336306816,0.9986939230735365,0.9985840162581345,False
DecisionTree,0.22999999999999998,0.9989425294109008,0.9981215972293559,0.9985318945900316,False
DecisionTree,0.235,0.9989425294109008,0.9981215972293559,0.9985318945900316,False
DecisionTree,0.24,0.9989425294109008,0.9981215972293559,0.9985318945900316,False
DecisionTree,0.245,0.9989425294109008,0.9981215972293559,0.9985318945900316,False
DecisionTree,0.24999999999999994,0.9989425294109008,0.9981215972293559,0.9985318945900316,False
DecisionTree,0.25499999999999995,0.9989425294109008,0.9981215972293559,0.9985318945900316,False
DecisionTree,0.25999999999999995,0.9989425294109008,0.9981215972293559,0.9985318945900316,False
DecisionTree,0.26499999999999996,0.9989425294109008,0.9981215972293559,0.9985318945900316,False
DecisionTree,0.26999999999999996,0.9990450725744844,0.997945496969608,0.9984949820499078,False
DecisionTree,0.27499999999999997,0.9990450725744844,0.997945496969608,0.9984949820499078,False
DecisionTree,0.27999999999999997,0.9990450725744844,0.997945496969608,0.9984949820499078,False
DecisionTree,0.285,0.9990450725744844,0.997945496969608,0.9984949820499078,False
DecisionTree,0.29,0.9990450725744844,0.997945496969608,0.9984949820499078,False
DecisionTree,0.295,0.9990450725744844,0.997945496969608,0.9984949820499078,False
DecisionTree,0.3,0.9990450725744844,0.997945496969608,0.9984949820499078,False
DecisionTree,0.30499999999999994,0.9990450725744844,0.997945496969608,0.9984949820499078,False
DecisionTree,0.30999999999999994,0.9990450725744844,0.997945496969608,0.9984949820499078,False
DecisionTree,0.31499999999999995,0.9990450725744844,0.997945496969608,0.9984949820499078,False
DecisionTree,0.31999999999999995,0.9990450725744844,0.997945496969608,0.9984949820499078,False
DecisionTree,0.32499999999999996,0.9990450725744844,0.997945496969608,0.9984949820499078,False
DecisionTree,0.32999999999999996,0.9990450725744844,0.997945496969608,0.9984949820499078,False
DecisionTree,0.33499999999999996,0.9990450725744844,0.997945496969608,0.9984949820499078,False
DecisionTree,0.33999999999999997,0.9990450725744844,0.997945496969608,0.9984949820499078,False
DecisionTree,0.3449999999999999,0.9990450725744844,0.997945496969608,0.9984949820499078,False
DecisionTree,0.3499999999999999,0.9990450725744844,0.997945496969608,0.9984949820499078,False
DecisionTree,0.3549999999999999,0.9990450725744844,0.997945496969608,0.9984949820499078,False
DecisionTree,0.35999999999999993,0.9990450725744844,0.997945496969608,0.9984949820499078,False
DecisionTree,0.36499999999999994,0.9990450725744844,0.997945496969608,0.9984949820499078,False
DecisionTree,0.36999999999999994,0.9990450725744844,0.997945496969608,0.9984949820499078,False
DecisionTree,0.37499999999999994,0.9990450725744844,0.997945496969608,0.9984949820499078,False
DecisionTree,0.37999999999999995,0.9990450725744844,0.997945496969608,0.9984949820499078,False
DecisionTree,0.38499999999999995,0.9990450725744844,0.997945496969608,0.9984949820499078,False
DecisionTree,0.38999999999999996,0.9990450725744844,0.997945496969608,0.9984949820499078,False
DecisionTree,0.39499999999999996,0.9990450725744844,0.997945496969608,0.9984949820499078,False
DecisionTree,0.3999999999999999,0.9990450725744844,0.997945496969608,0.9984949820499078,False
DecisionTree,0.4049999999999999,0.9990450725744844,0.997945496969608,0.9984949820499078,False
DecisionTree,0.4099999999999999,0.9990450725744844,0.997945496969608,0.9984949820499078,False
DecisionTree,0.4149999999999999,0.9990450725744844,0.997945496969608,0.9984949820499078,False
DecisionTree,0.41999999999999993,0.9990450725744844,0.997945496969608,0.9984949820499078,False
DecisionTree,0.42499999999999993,0.9990450725744844,0.997945496969608,0.9984949820499078,False
DecisionTree,0.42999999999999994,0.9990450725744844,0.997945496969608,0.9984949820499078,False
DecisionTree,0.43499999999999994,0.9990450725744844,0.997945496969608,0.9984949820499078,False
DecisionTree,0.43999999999999995,0.9992502646124897,0.9975052463202383,0.9983769929571776,False
DecisionTree,0.44499999999999995,0.9992502646124897,0.9975052463202383,0.9983769929571776,False
DecisionTree,0.4499999999999999,0.9992502646124897,0.9975052463202383,0.9983769929571776,False
DecisionTree,0.4549999999999999,0.9992502646124897,0.9975052463202383,0.9983769929571776,False
DecisionTree,0.4599999999999999,0.9992502646124897,0.9975052463202383,0.9983769929571776,False
DecisionTree,0.4649999999999999,0.9992502646124897,0.9975052463202383,0.9983769929571776,False
DecisionTree,0.4699999999999999,0.9992502646124897,0.9975052463202383,0.9983769929571776,False
DecisionTree,0.4749999999999999,0.9992502646124897,0.9975052463202383,0.9983769929571776,False
DecisionTree,0.4799999999999999,0.9992502646124897,0.9975052463202383,0.9983769929571776,False
DecisionTree,0.48499999999999993,0.9992502646124897,0.9975052463202383,0.9983769929571776,False
DecisionTree,0.48999999999999994,0.9992502646124897,0.9975052463202383,0.9983769929571776,False
DecisionTree,0.49499999999999994,0.9992502646124897,0.9975052463202383,0.9983769929571776,False
DecisionTree,0.49999999999999994,0.9992502646124897,0.9975052463202383,0.9983769929571776,False
DecisionTree,0.5049999999999999,0.9992502646124897,0.9975052463202383,0.9983769929571776,False
DecisionTree,0.5099999999999999,0.9992502646124897,0.9975052463202383,0.9983769929571776,False
DecisionTree,0.5149999999999999,0.9992502646124897,0.9975052463202383,0.9983769929571776,False
DecisionTree,0.5199999999999999,0.9992502646124897,0.9975052463202383,0.9983769929571776,False
DecisionTree,0.5249999999999999,0.9992502646124897,0.9975052463202383,0.9983769929571776,False
DecisionTree,0.5299999999999999,0.9993675819569662,0.9971677208223882,0.99826643944291,False
DecisionTree,0.5349999999999999,0.9993675819569662,0.9971677208223882,0.99826643944291,False
DecisionTree,0.5399999999999999,0.9993675819569662,0.9971677208223882,0.99826643944291,False
DecisionTree,0.5449999999999999,0.9993675819569662,0.9971677208223882,0.99826643944291,False
DecisionTree,0.5499999999999999,0.9993675819569662,0.9971677208223882,0.99826643944291,False
DecisionTree,0.5549999999999999,0.9993675819569662,0.9971677208223882,0.99826643944291,False
DecisionTree,0.5599999999999999,0.9993675819569662,0.9971677208223882,0.99826643944291,False
DecisionTree,0.565,0.9993675819569662,0.9971677208223882,0.99826643944291,False
DecisionTree,0.57,0.9993675819569662,0.9971677208223882,0.99826643944291,False
DecisionTree,0.575,0.9993675819569662,0.9971677208223882,0.99826643944291,False
DecisionTree,0.58,0.9993675819569662,0.9971677208223882,0.99826643944291,False
DecisionTree,0.585,0.9993675819569662,0.9971677208223882,0.99826643944291,False
DecisionTree,0.59,0.9993675819569662,0.9971677208223882,0.99826643944291,False
DecisionTree,0.595,0.9993675819569662,0.9971677208223882,0.99826643944291,False
DecisionTree,0.6,0.9993675819569662,0.9971677208223882,0.99826643944291,False
DecisionTree,0.605,0.9993675819569662,0.9971677208223882,0.99826643944291,False
DecisionTree,0.61,0.9993675819569662,0.9971677208223882,0.99826643944291,False
DecisionTree,0.615,0.9993675819569662,0.9971677208223882,0.99826643944291,False
DecisionTree,0.62,0.9993675819569662,0.9971677208223882,0.99826643944291,False
DecisionTree,0.625,0.9993675819569662,0.9971677208223882,0.99826643944291,False
DecisionTree,0.63,0.9993675819569662,0.9971677208223882,0.99826643944291,False
DecisionTree,0.635,0.9993675819569662,0.9971677208223882,0.99826643944291,False
DecisionTree,0.6399999999999999,0.9993675819569662,0.9971677208223882,0.99826643944291,False
DecisionTree,0.6449999999999999,0.9993675819569662,0.9971677208223882,0.99826643944291,False
DecisionTree,0.6499999999999999,0.9993822257523608,0.9970796706925142,0.9982296204335593,False
DecisionTree,0.6549999999999999,0.9993822257523608,0.9970796706925142,0.9982296204335593,False
DecisionTree,0.6599999999999999,0.9993822257523608,0.9970796706925142,0.9982296204335593,False
DecisionTree,0.6649999999999999,0.9993822257523608,0.9970796706925142,0.9982296204335593,False
DecisionTree,0.6699999999999999,0.9993822257523608,0.9970796706925142,0.9982296204335593,False
DecisionTree,0.6749999999999999,0.9993822257523608,0.9970796706925142,0.9982296204335593,False
DecisionTree,0.6799999999999999,0.9993822257523608,0.9970796706925142,0.9982296204335593,False
DecisionTree,0.6849999999999999,0.9993822257523608,0.9970796706925142,0.9982296204335593,False
DecisionTree,0.69,0.9993822257523608,0.9970796706925142,0.9982296204335593,False
DecisionTree,0.695,0.9993822257523608,0.9970796706925142,0.9982296204335593,False
DecisionTree,0.7,0.9993822257523608,0.9970796706925142,0.9982296204335593,False
DecisionTree,0.705,0.9993822257523608,0.9970796706925142,0.9982296204335593,False
DecisionTree,0.71,0.9993822257523608,0.9970796706925142,0.9982296204335593,False
DecisionTree,0.715,0.9993822257523608,0.9970796706925142,0.9982296204335593,False
DecisionTree,0.72,0.9993822257523608,0.9970796706925142,0.9982296204335593,False
DecisionTree,0.725,0.9993822257523608,0.9970796706925142,0.9982296204335593,False
DecisionTree,0.73,0.9993822257523608,0.9970796706925142,0.9982296204335593,False
DecisionTree,0.735,0.9993822257523608,0.9970796706925142,0.9982296204335593,False
DecisionTree,0.74,0.9993822257523608,0.9970796706925142,0.9982296204335593,False
DecisionTree,0.7449999999999999,0.9993822257523608,0.9970796706925142,0.9982296204335593,False
DecisionTree,0.7499999999999999,0.9993822257523608,0.9970796706925142,0.9982296204335593,False
DecisionTree,0.7549999999999999,0.9993822257523608,0.9970796706925142,0.9982296204335593,False
DecisionTree,0.7599999999999999,0.9993822257523608,0.9970796706925142,0.9982296204335593,False
DecisionTree,0.7649999999999999,0.9993822257523608,0.9970796706925142,0.9982296204335593,False
DecisionTree,0.7699999999999999,0.9993822257523608,0.9970796706925142,0.9982296204335593,False
DecisionTree,0.7749999999999999,0.9993969257924542,0.9970796706925142,0.9982369534555712,False
DecisionTree,0.7799999999999999,0.9993969257924542,0.9970796706925142,0.9982369534555712,False
DecisionTree,0.7849999999999999,0.9993969257924542,0.9970796706925142,0.9982369534555712,False
DecisionTree,0.7899999999999999,0.9993969257924542,0.9970796706925142,0.9982369534555712,False
DecisionTree,0.7949999999999999,0.9993969257924542,0.9970796706925142,0.9982369534555712,False
DecisionTree,0.7999999999999999,0.9993969257924542,0.9970796706925142,0.9982369534555712,False
DecisionTree,0.8049999999999999,0.9993969257924542,0.9970796706925142,0.9982369534555712,False
DecisionTree,0.8099999999999999,0.9993969257924542,0.9970796706925142,0.9982369534555712,False
DecisionTree,0.815,0.9993969257924542,0.9970796706925142,0.9982369534555712,False
DecisionTree,0.82,0.9993969257924542,0.9970796706925142,0.9982369534555712,False
DecisionTree,0.825,0.9993969257924542,0.9970796706925142,0.9982369534555712,False
DecisionTree,0.83,0.9993969257924542,0.9970796706925142,0.9982369534555712,False
DecisionTree,0.835,0.9993969257924542,0.9970796706925142,0.9982369534555712,False
DecisionTree,0.84,0.9993969257924542,0.9970796706925142,0.9982369534555712,False
DecisionTree,0.845,0.9993969257924542,0.9970796706925142,0.9982369534555712,False
DecisionTree,0.8499999999999999,0.9993969257924542,0.9970796706925142,0.9982369534555712,False
DecisionTree,0.8549999999999999,0.9993969257924542,0.9970796706925142,0.9982369534555712,False
DecisionTree,0.8599999999999999,0.9993969257924542,0.9970796706925142,0.9982369534555712,False
DecisionTree,0.8649999999999999,0.9993969257924542,0.9970796706925142,0.9982369534555712,False
DecisionTree,0.8699999999999999,0.9993969257924542,0.9970796706925142,0.9982369534555712,False
DecisionTree,0.8749999999999999,0.9993969257924542,0.9970796706925142,0.9982369534555712,False
DecisionTree,0.8799999999999999,0.9993969257924542,0.9970796706925142,0.9982369534555712,False
DecisionTree,0.8849999999999999,0.9993969257924542,0.9970796706925142,0.9982369534555712,False
DecisionTree,0.8899999999999999,0.9993969257924542,0.9970796706925142,0.9982369534555712,False
DecisionTree,0.8949999999999999,0.9993969257924542,0.9970796706925142,0.9982369534555712,False
DecisionTree,0.8999999999999999,0.9993969257924542,0.9970796706925142,0.9982369534555712,False
DecisionTree,0.9049999999999999,0.9994997498749375,0.9969035704327663,0.9981999720811996,False
DecisionTree,0.9099999999999999,0.9994997498749375,0.9969035704327663,0.9981999720811996,False
DecisionTree,0.9149999999999999,0.9994993889600542,0.9961844943721292,0.9978391885932677,False
DecisionTree,0.9199999999999999,0.9994993889600542,0.9961844943721292,0.9978391885932677,False
DecisionTree,0.9249999999999999,0.9994993889600542,0.9961844943721292,0.9978391885932677,False
DecisionTree,0.9299999999999999,0.9994993889600542,0.9961844943721292,0.9978391885932677,False
DecisionTree,0.9349999999999999,0.9995140269494146,0.9960230691340269,0.9977654945313419,False
DecisionTree,0.94,0.9995140269494146,0.9960230691340269,0.9977654945313419,False
DecisionTree,0.945,0.9995140269494146,0.9960230691340269,0.9977654945313419,False
DecisionTree,0.95,0.9995140269494146,0.9960230691340269,0.9977654945313419,False
GradientBoosting,0.05,0.9957331774676701,1.0,0.9978620275593434,False
GradientBoosting,0.055,0.9957622784329198,1.0,0.9978766401124649,False
GradientBoosting,0.06,0.9957913810992094,1.0,0.997891253093561,False
GradientBoosting,0.065,0.9958932538290658,1.0,0.9979424018979695,False
GradientBoosting,0.07,0.9959077489696296,0.9999853249783544,0.9979423717643613,False
GradientBoosting,0.075,0.9959514170040485,0.9999853249783544,0.997964294606113,False
GradientBoosting,0.08,0.9960242055719589,0.9999853249783544,0.9980008348162306,False
GradientBoosting,0.08499999999999999,0.9961115658987253,0.9999853249783544,0.9980446866006107,False
GradientBoosting,0.09,0.9961698146307234,0.9999853249783544,0.9980739232645169,False
GradientBoosting,0.095,0.9961843778781633,0.9999853249783544,0.9980812326981383,False
GradientBoosting,0.09999999999999999,0.9962425801924033,0.9999706499567087,0.9981031338572297,False
GradientBoosting,0.105,0.9963299801146333,0.9999706499567087,0.9981469952759365,False
GradientBoosting,0.10999999999999999,0.9964319660744315,0.9999706499567087,0.998198171803586,False
GradientBoosting,0.11499999999999999,0.9965048259725066,0.9999706499567087,0.9982347296792482,False
GradientBoosting,0.12,0.996606847732292,0.9999706499567087,0.9982859152040786,False
GradientBoosting,0.12499999999999999,0.9966943115830738,0.9999706499567087,0.9983297926891803,False
GradientBoosting,0.13,0.9968547018549945,0.9999706499567087,0.9984102447636979,False
GradientBoosting,0.135,0.996869285348548,0.9999706499567087,0.9984175592316371,False
GradientBoosting,0.13999999999999999,0.996869285348548,0.9999706499567087,0.9984175592316371,False
GradientBoosting,0.145,0.9969130383895131,0.9999706499567087,0.9984395032785084,False
GradientBoosting,0.14999999999999997,0.9969276235899986,0.9999706499567087,0.9984468181751579,False
GradientBoosting,0.15499999999999997,0.9969567952713281,0.9999706499567087,0.9984614482900097,False
GradientBoosting,0.15999999999999998,0.9970005559944985,0.9999706499567087,0.9984833942662046,False
GradientBoosting,0.16499999999999998,0.9970442773111703,0.999955974935063,0.9984980034436018,False
GradientBoosting,0.16999999999999998,0.9970442773111703,0.999955974935063,0.9984980034436018,False
GradientBoosting,0.175,0.9971026368930902,0.999955974935063,0.9985272675317444,False
GradientBoosting,0.18,0.9971172278560663,0.999955974935063,0.9985345838218054,False
GradientBoosting,0.185,0.9971172278560663,0.999955974935063,0.9985345838218054,False
GradientBoosting,0.19,0.9971318192460782,0.999955974935063,0.9985419002190813,False
GradientBoosting,0.195,0.9971318192460782,0.999955974935063,0.9985419002190813,False
GradientBoosting,0.19999999999999996,0.9971464110631448,0.999955974935063,0.9985492167235746,False
GradientBoosting,0.20499999999999996,0.9971464110631448,0.999955974935063,0.9985492167235746,False
GradientBoosting,0.20999999999999996,0.9971610033072849,0.999955974935063,0.9985565333352873,False
GradientBoosting,0.21499999999999997,0.9971610033072849,0.999955974935063,0.9985565333352873,False
GradientBoosting,0.21999999999999997,0.9971610033072849,0.999955974935063,0.9985565333352873,False
GradientBoosting,0.22499999999999998,0.9971901479562717,0.9999412999134174,0.9985638290077231,False
GradientBoosting,0.22999999999999998,0.9971901479562717,0.9999412999134174,0.9985638290077231,False
GradientBoosting,0.235,0.9973067915690866,0.9998972748484805,0.9986003532092949,False
GradientBoosting,0.24,0.9973067127257824,0.999867924805189,0.9985856764936502,False
GradientBoosting,0.245,0.9973066733023991,0.9998532497835434,0.998578337974498,False
GradientBoosting,0.24999999999999994,0.9973066733023991,0.9998532497835434,0.998578337974498,False
GradientBoosting,0.25499999999999995,0.9973066733023991,0.9998532497835434,0.998578337974498,False
GradientBoosting,0.25999999999999995,0.9973066733023991,0.9998532497835434,0.998578337974498,False
GradientBoosting,0.26499999999999996,0.9973066733023991,0.9998532497835434,0.998578337974498,False
GradientBoosting,0.26999999999999996,0.9973066733023991,0.9998532497835434,0.998578337974498,False
GradientBoosting,0.27499999999999997,0.9973066338778617,0.9998385747618977,0.9985709993477895,False
GradientBoosting,0.27999999999999997,0.9973066338778617,0.9998385747618977,0.9985709993477895,False
GradientBoosting,0.285,0.9973066338778617,0.9998385747618977,0.9985709993477895,False
GradientBoosting,0.29,0.9973066338778617,0.9998385747618977,0.9985709993477895,False
GradientBoosting,0.295,0.9973066338778617,0.9998385747618977,0.9985709993477895,False
GradientBoosting,0.3,0.9973065944521701,0.9998238997402521,0.9985636606135221,False
GradientBoosting,0.30499999999999994,0.9974964129893708,0.9998238997402521,0.9986588002491846,False
GradientBoosting,0.30999999999999994,0.9974964129893708,0.9998238997402521,0.9986588002491846,False
GradientBoosting,0.31499999999999995,0.9975548332308413,0.9998238997402521,0.9986880776306242,False
GradientBoosting,0.31999999999999995,0.997598652902848,0.9998238997402521,0.9987100367932688,False
GradientBoosting,0.32499999999999996,0.9976132603156939,0.9998238997402521,0.9987173567287466,False
GradientBoosting,0.32999999999999996,0.9976132603156939,0.9998238997402521,0.9987173567287466,False
GradientBoosting,0.33499999999999996,0.9976132603156939,0.9998238997402521,0.9987173567287466,False
GradientBoosting,0.33999999999999997,0.9976132603156939,0.9998238997402521,0.9987173567287466,False
GradientBoosting,0.3449999999999999,0.9976278681563264,0.9998238997402521,0.9987246767715265,False
GradientBoosting,0.3499999999999999,0.9976278681563264,0.9998238997402521,0.9987246767715265,False
GradientBoosting,0.3549999999999999,0.9976278681563264,0.9998238997402521,0.9987246767715265,False
GradientBoosting,0.35999999999999993,0.9976278681563264,0.9998238997402521,0.9987246767715265,False
GradientBoosting,0.36499999999999994,0.9976278681563264,0.9998238997402521,0.9987246767715265,False
GradientBoosting,0.36999999999999994,0.9976278681563264,0.9998238997402521,0.9987246767715265,False
GradientBoosting,0.37499999999999994,0.9976278681563264,0.9998238997402521,0.9987246767715265,False
GradientBoosting,0.37999999999999995,0.9976278681563264,0.9998238997402521,0.9987246767715265,False
GradientBoosting,0.38499999999999995,0.9976278681563264,0.9998238997402521,0.9987246767715265,False
GradientBoosting,0.38999999999999996,0.9976278681563264,0.9998238997402521,0.9987246767715265,False
GradientBoosting,0.39499999999999996,0.9976570851210262,0.9998238997402521,0.9987393171790023,False
GradientBoosting,0.3999999999999999,0.9976570851210262,0.9998238997402521,0.9987393171790023,False
GradientBoosting,0.4049999999999999,0.997671694245131,0.9998238997402521,0.9987466375437027,False
GradientBoosting,0.4099999999999999,0.997671694245131,0.9998238997402521,0.9987466375437027,False
GradientBoosting,0.4149999999999999,0.997671694245131,0.9998238997402521,0.9987466375437027,False
GradientBoosting,0.41999999999999993,0.997671694245131,0.9998238997402521,0.9987466375437027,False
GradientBoosting,0.42499999999999993,0.997671694245131,0.9998238997402521,0.9987466375437027,False
GradientBoosting,0.42999999999999994,0.9976862699156513,0.9998092247186064,0.99874661917013,False
GradientBoosting,0.43499999999999994,0.9976862699156513,0.9998092247186064,0.99874661917013,False
GradientBoosting,0.43999999999999995,0.9976862699156513,0.9998092247186064,0.99874661917013,False
GradientBoosting,0.44499999999999995,0.997700880108952,0.9998092247186064,0.998753939749322,False
GradientBoosting,0.4499999999999999,0.997700880108952,0.9998092247186064,0.998753939749322,False
GradientBoosting,0.4549999999999999,0.997700880108952,0.9998092247186064,0.998753939749322,False
GradientBoosting,0.4599999999999999,0.997700880108952,0.9998092247186064,0.998753939749322,False
GradientBoosting,0.4649999999999999,0.997700880108952,0.9998092247186064,0.998753939749322,False
GradientBoosting,0.4699999999999999,0.9977446141679237,0.9997651996536695,0.9987538849469302,False
GradientBoosting,0.4749999999999999,0.9977592267135326,0.9997651996536695,0.9987612059550076,False
GradientBoosting,0.4799999999999999,0.9978030347413439,0.9997505246320239,0.9987758303462128,False
GradientBoosting,0.48499999999999993,0.9978906352996323,0.9997064995670869,0.998797742101019,False
GradientBoosting,0.48999999999999994,0.9979343988514672,0.9996624745021498,0.998797689217325,False
GradientBoosting,0.49499999999999994,0.9979343988514672,0.9996624745021498,0.998797689217325,False
GradientBoosting,0.49999999999999994,0.9979343383290116,0.9996331244588585,0.9987830090467882,False
GradientBoosting,0.5049999999999999,0.9979488982653539,0.9996037744155672,0.9987756508478801,False
GradientBoosting,0.5099999999999999,0.9979488982653539,0.9996037744155672,0.9987756508478801,False
GradientBoosting,0.5149999999999999,0.9980804454538794,0.999574424372276,0.9988268762647741,False
GradientBoosting,0.5199999999999999,0.9981096685325752,0.9995597493506303,0.998834182644719,False
GradientBoosting,0.5249999999999999,0.9981096685325752,0.9995597493506303,0.998834182644719,False
GradientBoosting,0.5299999999999999,0.9981242947787987,0.9995597493506303,0.998841506335054,False
GradientBoosting,0.5349999999999999,0.9981681223987338,0.999530399307339,0.9988487963689424,True
GradientBoosting,0.5399999999999999,0.9981681223987338,0.999530399307339,0.9988487963689424,False
GradientBoosting,0.5449999999999999,0.9982119040290786,0.9994716992207564,0.9988414043938638,False
GradientBoosting,0.5499999999999999,0.9982119040290786,0.9994716992207564,0.9988414043938638,False
GradientBoosting,0.5549999999999999,0.998226534560591,0.9994716992207564,0.9988487288353095,False
GradientBoosting,0.5599999999999999,0.998226534560591,0.9994716992207564,0.9988487288353095,False
GradientBoosting,0.565,0.9982411139611579,0.999442349177465,0.9988413704094802,False
GradientBoosting,0.57,0.9982410366157545,0.999398324112528,0.9988193451398819,False
GradientBoosting,0.575,0.9982410108324417,0.9993836490908824,0.9988120031679916,False
GradientBoosting,0.58,0.9982994194569871,0.9993102739826542,0.9988045909574274,False
GradientBoosting,0.585,0.9982993446612617,0.9992662489177172,0.9987825627786905,False
GradientBoosting,0.59,0.9987233855228984,0.9988113232467017,0.9987673524491533,False
GradientBoosting,0.595,0.9987233855228984,0.9988113232467017,0.9987673524491533,False
GradientBoosting,0.6,0.9987379481384735,0.9987379481384735,0.9987379481384735,False
GradientBoosting,0.605,0.9987379481384735,0.9987379481384735,0.9987379481384735,False
GradientBoosting,0.61,0.9987379296175634,0.9987232731168278,0.9987306013134241,False
GradientBoosting,0.615,0.9987379110961095,0.9987085980951822,0.9987232543805582,False
GradientBoosting,0.62,0.9987672077254982,0.9986939230735365,0.9987305640551507,False
GradientBoosting,0.625,0.9988697413615947,0.9986205479653083,0.998745129119609,False
GradientBoosting,0.63,0.9988844036697248,0.9986205479653083,0.998752458390818,False
GradientBoosting,0.635,0.9989136817381092,0.9985765229003712,0.9987450738645121,False
GradientBoosting,0.6399999999999999,0.9989136817381092,0.9985765229003712,0.9987450738645121,False
GradientBoosting,0.6449999999999999,0.9989136817381092,0.9985765229003712,0.9987450738645121,False
GradientBoosting,0.6499999999999999,0.9989136817381092,0.9985765229003712,0.9987450738645121,False
GradientBoosting,0.6549999999999999,0.9989283302504478,0.9985618478787256,0.998745055445065,False
GradientBoosting,0.6599999999999999,0.9990454932597139,0.9983857476189777,0.9987155114833274,False
GradientBoosting,0.6649999999999999,0.9990454932597139,0.9983857476189777,0.9987155114833274,False
GradientBoosting,0.6699999999999999,0.9991772207692986,0.997989522034545,0.9985830182445579,False
GradientBoosting,0.6749999999999999,0.9992064658339457,0.9978427718180884,0.998524153223734,False
GradientBoosting,0.6799999999999999,0.9992064541727285,0.9978280967964428,0.9985167998120301,False
GradientBoosting,0.6849999999999999,0.9993384493252183,0.997563946406821,0.998450409429736,False
GradientBoosting,0.69,0.9993824165159468,0.9973878461470731,0.9983841351450606,False
GradientBoosting,0.695,0.9993823983530623,0.9973584961037818,0.9983694215118841,False
GradientBoosting,0.7,0.9993823892712194,0.9973438210821362,0.9983620645331884,False
GradientBoosting,0.705,0.9993823892712194,0.9973438210821362,0.9983620645331884,False
GradientBoosting,0.71,0.9993823801891093,0.9973291460604904,0.9983547074464179,False
GradientBoosting,0.715,0.9993823620240879,0.9972997960171991,0.9983399929486426,False
GradientBoosting,0.72,0.9994264368492264,0.9972704459739078,0.998347277414995,False
GradientBoosting,0.725,0.999426428413854,0.9972557709522621,0.9983399197872747,False
GradientBoosting,0.73,0.999426428413854,0.9972557709522621,0.9983399197872747,False
GradientBoosting,0.735,0.999426428413854,0.9972557709522621,0.9983399197872747,False
GradientBoosting,0.74,0.9994264199782333,0.9972410959306165,0.9983325620514628,False
GradientBoosting,0.7449999999999999,0.9994410942785704,0.9971970708656795,0.9983178215421683,False
GradientBoosting,0.7499999999999999,0.9994410942785704,0.9971970708656795,0.9983178215421683,False
GradientBoosting,0.7549999999999999,0.9995438560350789,0.996874220389475,0.9982072532769058,False
GradientBoosting,0.7599999999999999,0.9996320769989256,0.9967861702596011,0.9982070952003057,False
GradientBoosting,0.7649999999999999,0.9996320769989256,0.9967861702596011,0.9982070952003057,False
GradientBoosting,0.7699999999999999,0.9996467835224513,0.9967714952379555,0.9982070688514953,False
GradientBoosting,0.7749999999999999,0.999661485929589,0.9967421451946642,0.9981996810863639,False
GradientBoosting,0.7799999999999999,0.9996614709821757,0.9966981201297271,0.9981775961905882,False
GradientBoosting,0.7849999999999999,0.9996614659994112,0.9966834451080815,0.9981702343422764,False
GradientBoosting,0.7899999999999999,0.9996614460668864,0.9966247450214989,0.9981407858670331,False
GradientBoosting,0.7949999999999999,0.9996761515022154,0.9965953949782076,0.9981333960433875,False
GradientBoosting,0.7999999999999999,0.999676127664586,0.9965220198699793,0.9980965819314916,False
GradientBoosting,0.8049999999999999,0.999676122896639,0.9965073448483337,0.9980892187844492,False
GradientBoosting,0.8099999999999999,0.999734990135744,0.996492669826688,0.9981111968544446,False
GradientBoosting,0.815,0.9997349862340071,0.9964779948050423,0.9981038334901223,False
GradientBoosting,0.82,0.9997644079276732,0.996404619696814,0.9980816863520436,False
GradientBoosting,0.825,0.9997644009895158,0.9963752696535227,0.9980669582154276,False
GradientBoosting,0.83,0.9997643975202839,0.9963605946318771,0.9980595939847413,False
GradientBoosting,0.835,0.9997643940509497,0.9963459196102314,0.9980522296457998,False
GradientBoosting,0.84,0.9997643767027465,0.9962725445020031,0.9980154063271787,False
GradientBoosting,0.845,0.9997643767027465,0.9962725445020031,0.9980154063271787,False
GradientBoosting,0.8499999999999999,0.9998232669111474,0.9962431944587118,0.9980300201408389,False
GradientBoosting,0.8549999999999999,0.9998232643082271,0.9962285194370661,0.9980226549349094,False
GradientBoosting,0.8599999999999999,0.9998379875103098,0.9962138444154205,0.9980226258646417,False
GradientBoosting,0.8649999999999999,0.9998379803514353,0.9961698193504835,0.9980005292716634,False
GradientBoosting,0.8699999999999999,0.9998526920527362,0.996067094198964,0.9979563031140648,False
GradientBoosting,0.8749999999999999,0.9998526877126821,0.9960377441556726,0.9979415699939718,False
GradientBoosting,0.8799999999999999,0.9998526812021213,0.9959937190907356,0.9979194695014814,False
GradientBoosting,0.8849999999999999,0.9998526616669859,0.9958616438959248,0.9978531621744821,False
GradientBoosting,0.8899999999999999,0.999867379868264,0.9957589187444051,0.9978089201946972,False
GradientBoosting,0.8949999999999999,0.9998820598251537,0.9953039930733898,0.9975877741332901,False
GradientBoosting,0.8999999999999999,0.9999115383481261,0.9952599680084528,0.9975803308106995,False
GradientBoosting,0.9049999999999999,0.9999115226944288,0.9950838677487049,0.9974918540420868,False
GradientBoosting,0.9099999999999999,0.9999115005088721,0.9948343923807288,0.997366485214065,False
GradientBoosting,0.9149999999999999,0.9999114717816304,0.9945115419045243,0.9972041966479789,False
GradientBoosting,0.9199999999999999,0.9999261196566042,0.9930880648048956,0.9964953615078781,False
GradientBoosting,0.9249999999999999,0.9999261032780585,0.9928679394802107,0.9963845219248186,False
GradientBoosting,0.9299999999999999,0.9999555357936861,0.9900796853675359,0.9949931053807526,False
GradientBoosting,0.9349999999999999,0.9999703259692281,0.98905243385234,0.9944814153546502,False
GradientBoosting,0.94,0.9999851449113893,0.9878637570990417,0.9938874944633102,False
GradientBoosting,0.945,0.9999851325433758,0.9870419558868849,0.9934713893238014,False
GradientBoosting,0.95,0.9999850930936303,0.984429802033958,0.992146480706373,False
XGBoost,0.05,0.9974383371148356,0.999955974935063,0.9986955693326884,False
XGBoost,0.055,0.997525875825318,0.9999266248917718,0.9987248076218395,False
XGBoost,0.06,0.9975550122249389,0.9998972748484805,0.9987247702387758,False
XGBoost,0.065,0.9975695461200585,0.999867924805189,0.9987174131322237,False
XGBoost,0.07,0.9975987583823831,0.999867924805189,0.9987320526821117,False
XGBoost,0.075,0.9976279028904442,0.9998385747618977,0.9987320155089895,False
XGBoost,0.08,0.9976863037970977,0.9998238997402521,0.9987539580157148,False
XGBoost,0.08499999999999999,0.9977009137769447,0.9998238997402521,0.9987612785950407,False
XGBoost,0.09,0.9977884530888427,0.9997651996536695,0.9987758482931514,False
XGBoost,0.095,0.9978030347413439,0.9997505246320239,0.9987758303462128,False
XGBoost,0.09999999999999999,0.9978176492127426,0.9997505246320239,0.998783151783489,False
XGBoost,0.105,0.9978761113796487,0.9997505246320239,0.9988124386060082,False
XGBoost,0.10999999999999999,0.9979199320315819,0.9997358496103782,0.9988270654644088,False
XGBoost,0.11499999999999999,0.997963787647955,0.9997358496103782,0.9988490326742763,False
XGBoost,0.12,0.9979929680632874,0.9997064995670869,0.998848998922311,False
XGBoost,0.12499999999999999,0.9980221518987342,0.9996771495237955,0.9988489651683663,False
XGBoost,0.13,0.9980366875695951,0.9996331244588585,0.9988342681183328,False
XGBoost,0.135,0.998051282051282,0.9996184494372129,0.9988342510246127,False
XGBoost,0.13999999999999999,0.9980951264542977,0.9996037744155672,0.9988488807748426,False
XGBoost,0.145,0.9981242947787987,0.9995597493506303,0.998841506335054,False
XGBoost,0.14999999999999997,0.9981242947787987,0.9995597493506303,0.998841506335054,False
XGBoost,0.15499999999999997,0.998124267291911,0.9995450743289847,0.9988341655484921,False
XGBoost,0.15999999999999998,0.9981388669070019,0.999530399307339,0.9988341484517638,False
XGBoost,0.16499999999999998,0.998168095552136,0.9995157242856934,0.9988414553667013,False
XGBoost,0.16999999999999998,0.998168095552136,0.9995157242856934,0.9988414553667013,False
XGBoost,0.175,0.9982119302359665,0.999486374242402,0.9988487457194606,False
XGBoost,0.18,0.9982411655209814,0.9994716992207564,0.9988560533841754,False
XGBoost,0.185,0.9982703780250062,0.999442349177465,0.9988560198289896,False
XGBoost,0.19,0.9982849855616306,0.9994276741558193,0.9988560030506586,False
XGBoost,0.195,0.9983288378093116,0.999398324112528,0.9988632946853526,False
XGBoost,0.19999999999999996,0.9983580842361427,0.9993836490908824,0.9988706034204582,False
XGBoost,0.20499999999999996,0.9984019704144614,0.9993689740692367,0.9988852382069937,False
XGBoost,0.20999999999999996,0.9984458389537271,0.9993396240259454,0.9988925315555165,True
XGBoost,0.21499999999999997,0.9984457933784933,0.9993102739826542,0.9988778466390407,False
XGBoost,0.21999999999999997,0.9984604105571847,0.9992955989610085,0.9988778301783003,False
XGBoost,0.22499999999999998,0.9984603879822285,0.9992809239393629,0.9988704874506755,False
XGBoost,0.22999999999999998,0.9984750285932139,0.9992809239393629,0.9988778137170771,False
XGBoost,0.235,0.9984750062319457,0.9992662489177172,0.9988704708816195,False
XGBoost,0.24,0.9984896253391011,0.9992515738960714,0.9988704543120773,False
XGBoost,0.245,0.9984896253391011,0.9992515738960714,0.9988704543120773,False
XGBoost,0.24999999999999994,0.9984896253391011,0.9992515738960714,0.9988704543120773,False
XGBoost,0.25499999999999995,0.9985042453037701,0.9992368988744258,0.9988704377420491,False
XGBoost,0.25999999999999995,0.998518844405338,0.9992075488311345,0.998863077904836,False
XGBoost,0.26499999999999996,0.998518844405338,0.9992075488311345,0.998863077904836,False
XGBoost,0.26999999999999996,0.998548131636065,0.9992075488311345,0.9988777314037159,False
XGBoost,0.27499999999999997,0.9985627337390922,0.9991781987878432,0.9988703714570741,False
XGBoost,0.27999999999999997,0.9985773579924615,0.9991635237661975,0.9988703548846148,False
XGBoost,0.285,0.9985920037546566,0.9991635237661975,0.9988776820099028,False
XGBoost,0.29,0.9985919624523321,0.9991341737229062,0.998862994505696,False
XGBoost,0.295,0.9986212561236762,0.9991341737229062,0.9988776490782785,False
XGBoost,0.3,0.9986358835954001,0.9991194987012606,0.9988776326117416,False
XGBoost,0.30499999999999994,0.9986505119253675,0.999104823679615,0.9988776161447215,False
XGBoost,0.30999999999999994,0.9986504525384694,0.999060798614678,0.9988555834323694,False
XGBoost,0.31499999999999995,0.9986796743196655,0.9990020985280953,0.9988408604043784,False
XGBoost,0.31999999999999995,0.9986943062952042,0.9989874235064496,0.9988408433964756,False
XGBoost,0.32499999999999996,0.9987089391294142,0.998972748484804,0.9988408263880737,False
XGBoost,0.32999999999999996,0.9987088823028845,0.998928723419867,0.9988187907645578,False
XGBoost,0.33499999999999996,0.9987088823028845,0.998928723419867,0.9988187907645578,False
XGBoost,0.33999999999999997,0.9987234791795052,0.9988846983549301,0.9988040822615318,False
XGBoost,0.3449999999999999,0.9987527695851859,0.9988700233332845,0.9988113930180346,False
XGBoost,0.3499999999999999,0.998767370537221,0.9988259982683474,0.9987966835424462,False
XGBoost,0.3549999999999999,0.9987820268247586,0.9988259982683474,0.9988040120626023,False
XGBoost,0.35999999999999993,0.9987966658840103,0.9988113232467017,0.9988039945115822,False
XGBoost,0.36499999999999994,0.9988113232467017,0.9988113232467017,0.9988113232467017,False
XGBoost,0.36999999999999994,0.9988112883579636,0.9987819732034104,0.9987966305655837,False
XGBoost,0.37499999999999994,0.9988112883579636,0.9987819732034104,0.9987966305655837,False
XGBoost,0.37999999999999995,0.9988259121195221,0.9987526231601191,0.998789266295375,False
XGBoost,0.38499999999999995,0.9988258948882399,0.9987379481384735,0.9987819195773407,False
XGBoost,0.38999999999999996,0.9988258948882399,0.9987379481384735,0.9987819195773407,False
XGBoost,0.39499999999999996,0.9988698574846256,0.9987232731168278,0.9987965599225102,False
XGBoost,0.3999999999999999,0.9988845019154277,0.9987085980951822,0.9987965422604459,False
XGBoost,0.4049999999999999,0.9988844855423455,0.9986939230735365,0.9987891952184218,False
XGBoost,0.4099999999999999,0.9988844691687827,0.9986792480518909,0.9987818480685687,False
XGBoost,0.4149999999999999,0.9988844200452104,0.998635222986954,0.9987598059720112,False
XGBoost,0.41999999999999993,0.9988990664083143,0.9986205479653083,0.9987597877695994,False
XGBoost,0.42499999999999993,0.9989283931769473,0.9986205479653083,0.998774446849888,False
XGBoost,0.42999999999999994,0.9989430416911333,0.9986058729436625,0.9987744288618333,False
XGBoost,0.43499999999999994,0.9989577063667993,0.9986058729436625,0.998781758670796,False
XGBoost,0.43999999999999995,0.9990163549343747,0.9985911979220169,0.9988037311844529,False
XGBoost,0.44499999999999995,0.9990163404930043,0.9985765229003712,0.9987963832785345,False
XGBoost,0.4499999999999999,0.9990309935252749,0.9985618478787256,0.9987963656112848,False
XGBoost,0.4549999999999999,0.9990309935252749,0.9985618478787256,0.9987963656112848,False
XGBoost,0.4599999999999999,0.9990896543623176,0.99854717285708,0.9988183399511189,False
XGBoost,0.4649999999999999,0.999089614260752,0.998503147792143,0.9987962949370991,False
XGBoost,0.4699999999999999,0.9990895741556535,0.998459122727206,0.9987742489522398,False
XGBoost,0.4749999999999999,0.9990895474169579,0.9984297726839148,0.9987595510896132,False
XGBoost,0.4799999999999999,0.9991042189817466,0.9984297726839148,0.9987668819729888,False
XGBoost,0.48499999999999993,0.9991041926720023,0.9984004226406233,0.9987521836785626,False
XGBoost,0.48999999999999994,0.9991188521580779,0.9983857476189777,0.9987521653601104,False
XGBoost,0.49499999999999994,0.9991188521580779,0.9983857476189777,0.9987521653601104,False
XGBoost,0.49999999999999994,0.9991335125053238,0.998371072597332,0.9987521470411205,False
XGBoost,0.5049999999999999,0.9991481862241152,0.998371072597332,0.9987594782468271,False
XGBoost,0.5099999999999999,0.9991481612031489,0.9983417225540407,0.99874477908846,False
XGBoost,0.5149999999999999,0.9991628234879417,0.9983270475323951,0.9987447606603587,False
XGBoost,0.5199999999999999,0.9991627865987104,0.9982830224674581,0.9987227107894234,False
XGBoost,0.5249999999999999,0.9991921150428179,0.9982536724241668,0.998722673283317,False
XGBoost,0.5299999999999999,0.9992067922089368,0.9982536724241668,0.9987300049184781,False
XGBoost,0.5349999999999999,0.9992067689053411,0.9982243223808756,0.9987153040324771,False
XGBoost,0.5399999999999999,0.9992214240594656,0.9981949723375843,0.9987079344570389,False
XGBoost,0.5449999999999999,0.9992360468362055,0.9981215972293559,0.9986785111225314,False
XGBoost,0.5499999999999999,0.9992360356124937,0.9981069222077102,0.9986711597618366,False
XGBoost,0.5549999999999999,0.9992360243884522,0.9980922471860646,0.9986638082931987,False
XGBoost,0.5599999999999999,0.9992507052186178,0.9980922471860646,0.9986711402497669,False
XGBoost,0.565,0.9992800681731363,0.9980922471860646,0.9986858044858853,False
XGBoost,0.57,0.9992947502975272,0.9980922471860646,0.99869313676544,False
XGBoost,0.575,0.9992947295728706,0.9980628971427733,0.9986784335031791,False
XGBoost,0.58,0.9992947192100855,0.9980482221211276,0.9986710817101196,False
XGBoost,0.585,0.999324076114907,0.998033547099482,0.9986783946900836,False
XGBoost,0.59,0.999324076114907,0.998033547099482,0.9986783946900836,False
XGBoost,0.595,0.9993387409627932,0.9980041970561907,0.9986710231653144,False
XGBoost,0.6,0.9993534166054372,0.997989522034545,0.9986710036492331,False
XGBoost,0.605,0.9993534071037047,0.9979748470128993,0.9986636513157895,False
XGBoost,0.61,0.9993680745378126,0.997945496969608,0.9986562791414872,False
XGBoost,0.615,0.9993680652509369,0.9979308219479623,0.9986489264839781,False
XGBoost,0.62,0.9993680652509369,0.9979308219479623,0.9986489264839781,False
XGBoost,0.625,0.9993680559637881,0.9979161469263167,0.99864157371849,False
XGBoost,0.63,0.9993827432652881,0.9979161469263167,0.9986489066423861,False
XGBoost,0.635,0.9993974044298123,0.9978721218613797,0.9986341807287307,False
XGBoost,0.6399999999999999,0.9993973690012493,0.9978134217747971,0.9986047672898706,False
XGBoost,0.6449999999999999,0.999412041392286,0.9977840717315059,0.9985973930604002,False
XGBoost,0.6499999999999999,0.9994120327497759,0.9977693967098602,0.9985900392145344,False
XGBoost,0.6549999999999999,0.9994267150773934,0.9977547216882144,0.9985900185060071,False
XGBoost,0.6599999999999999,0.9994560983139048,0.9977547216882144,0.9986046853198208,False
XGBoost,0.6649999999999999,0.9994560823226755,0.9977253716449231,0.9985899770871277,False
XGBoost,0.6699999999999999,0.9994560583340684,0.9976813465799862,0.9985679139279551,False
XGBoost,0.6749999999999999,0.9994707283366168,0.9976373215150492,0.9985531833638119,False
XGBoost,0.6799999999999999,0.9994853924984929,0.9975786214284666,0.9985310966832163,False
XGBoost,0.6849999999999999,0.9994853849320708,0.997563946406821,0.998523741324226,False
XGBoost,0.69,0.9995000808692711,0.997563946406821,0.9985310751061298,False
XGBoost,0.695,0.9995147772386413,0.997563946406821,0.9985384089957621,False
XGBoost,0.7,0.9995147629690625,0.9975345963635296,0.9985236979530081,False
XGBoost,0.705,0.9995294602026262,0.9975345963635296,0.9985310319500551,False
XGBoost,0.71,0.9995294532835338,0.9975199213418839,0.9985236762664433,False
XGBoost,0.715,0.9995441444620905,0.9975052463202383,0.9985236545792415,False
XGBoost,0.72,0.9995588365048087,0.9974905712985926,0.9985236328914026,False
XGBoost,0.725,0.9995735168681432,0.9974465462336557,0.9985088988622091,False
XGBoost,0.73,0.9995882050150746,0.9974171961903644,0.9985015205159471,False
XGBoost,0.735,0.9995881868455112,0.9973731711254274,0.9984794505454144,False
XGBoost,0.74,0.9995881686743444,0.9973291460604904,0.9984573796021509,False
XGBoost,0.7449999999999999,0.9995881626169324,0.9973144710388447,0.9984500224048894,False
XGBoost,0.7499999999999999,0.9995881565593422,0.9972997960171991,0.9984426650995372,False
XGBoost,0.7549999999999999,0.9995881444436273,0.9972704459739078,0.998427950164551,False
XGBoost,0.7599999999999999,0.9995881383855024,0.9972557709522621,0.9984205925349122,False
XGBoost,0.7649999999999999,0.9995881262687182,0.9972264209089708,0.9984058769513315,False
XGBoost,0.7699999999999999,0.9995881202100587,0.9972117458873252,0.9983985189973847,False
XGBoost,0.7749999999999999,0.9996028185174833,0.9971970708656795,0.9983984954673014,False
XGBoost,0.7799999999999999,0.9996028126746889,0.9971823958440339,0.9983911372969637,False
XGBoost,0.7849999999999999,0.9996175176898069,0.9971823958440339,0.9983984719365266,False
XGBoost,0.7899999999999999,0.9996175120630811,0.9971677208223882,0.9983911136579022,False
XGBoost,0.7949999999999999,0.9996469030454612,0.9971090207358055,0.998376349062911,False
XGBoost,0.7999999999999999,0.9996468978504907,0.9970943457141599,0.998368990243329,False
XGBoost,0.8049999999999999,0.9996615955036342,0.9970649956708686,0.9983616072412552,False
XGBoost,0.8099999999999999,0.9996762992172327,0.9970503206492229,0.9983615831661854,False
XGBoost,0.815,0.9996910083427747,0.9970503206492229,0.9983689183430562,False
XGBoost,0.82,0.9996910083427747,0.9970503206492229,0.9983689183430562,False
XGBoost,0.825,0.9997057092407299,0.9970209706059316,0.9983615350139233,False
XGBoost,0.83,0.9997056962490987,0.9969769455409947,0.9983394562821455,False
XGBoost,0.835,0.9997203990935044,0.9969475954977034,0.9983320719780745,False
XGBoost,0.84,0.9997645327446651,0.9969329204760577,0.9983467187878877,False
XGBoost,0.845,0.9997645327446651,0.9969329204760577,0.9983467187878877,False
XGBoost,0.8499999999999999,0.9997792461993554,0.9969329204760577,0.9983540546101167,False
XGBoost,0.8549999999999999,0.9997792429504916,0.9969182454544121,0.9983466944911861,False
XGBoost,0.8599999999999999,0.9997939540223119,0.9969035704327663,0.9983466701937702,False
XGBoost,0.8649999999999999,0.9997939479571412,0.996874220389475,0.9983319494147126,False
XGBoost,0.8699999999999999,0.9998086575116645,0.9968448703461837,0.9983245642397343,False
XGBoost,0.8749999999999999,0.9998086462457866,0.9967861702596011,0.9982951205173427,False
XGBoost,0.8799999999999999,0.9998086462457866,0.9967861702596011,0.9982951205173427,False
XGBoost,0.8849999999999999,0.9998086406123501,0.9967568202163098,0.9982803980070254,False
XGBoost,0.8899999999999999,0.9998233501641371,0.9967127951513729,0.9982656495730264,False
XGBoost,0.8949999999999999,0.9998380614483195,0.9966687700864358,0.9982509002719189,False
XGBoost,0.8999999999999999,0.9998527722976355,0.9966100699998532,0.9982287877117554,False
XGBoost,0.9049999999999999,0.9998527657945494,0.9965660449349163,0.9982066998868163,False
XGBoost,0.9099999999999999,0.9998527614588395,0.996536694891625,0.9981919741290607,False
XGBoost,0.9149999999999999,0.9998527549547958,0.996492669826688,0.9981698846806853,False
XGBoost,0.9199999999999999,0.999867467750486,0.9964192947184597,0.9981404032311413,False
XGBoost,0.9249999999999999,0.9998674540875687,0.9963165695669401,0.9980888536061863,False
XGBoost,0.9299999999999999,0.9998821727347709,0.9962578694803574,0.9980667308639434,False
XGBoost,0.9349999999999999,0.9998821640570915,0.9961844943721292,0.9980299042886337,False
XGBoost,0.94,0.9998821571140277,0.9961257942855466,0.9980004410791737,False
XGBoost,0.945,0.9998968844369154,0.996111119263901,0.9980004116799482,False
XGBoost,0.95,0.9998968783606605,0.9960524191773182,0.9979709463035935,False
LightGBM,0.05,0.9973069492418477,0.999955974935063,0.9986297053500114,False
LightGBM,0.055,0.9973653395784543,0.999955974935063,0.9986589771586437,False
LightGBM,0.06,0.9973945373108112,0.999955974935063,0.9986736137064802,False
LightGBM,0.065,0.9974383371148356,0.999955974935063,0.9986955693326884,False
LightGBM,0.07,0.9974382996164769,0.9999412999134174,0.9986882314575287,False
LightGBM,0.075,0.9974821039071307,0.9999412999134174,0.9987101880487197,False
LightGBM,0.08,0.9975404435985653,0.9999119498701261,0.9987247889305816,False
LightGBM,0.08499999999999999,0.9975404075895994,0.9998972748484805,0.998717450731786,False
LightGBM,0.09,0.9975695461200585,0.999867924805189,0.9987174131322237,False
LightGBM,0.095,0.9975987583823831,0.999867924805189,0.9987320526821117,False
LightGBM,0.09999999999999999,0.9976425799838934,0.999867924805189,0.9987540128116801,False
LightGBM,0.105,0.9977156245423927,0.999867924805189,0.9987906151737483,False
LightGBM,0.10999999999999999,0.9977594564119086,0.999867924805189,0.9988125778787657,False
LightGBM,0.11499999999999999,0.9978179048958012,0.999867924805189,0.9988418629879935,False
LightGBM,0.12,0.997847100175747,0.9998532497835434,0.9988491676623443,False
LightGBM,0.12499999999999999,0.9978909133516902,0.9998385747618977,0.9988637946327125,False
LightGBM,0.13,0.9979199625007324,0.9997505246320239,0.9988344048500487,False
LightGBM,0.135,0.9979491386382281,0.9997211745887326,0.9988343706701269,False
LightGBM,0.13999999999999999,0.9979783181951363,0.9996918245454413,0.9988343364882004,False
LightGBM,0.145,0.9980513962551645,0.9996771495237955,0.9988636113697515,False
LightGBM,0.14999999999999997,0.998124487164459,0.9996624745021498,0.9988928888269754,False
LightGBM,0.15499999999999997,0.9981537108945711,0.9996477994805042,0.9989001964982257,False
LightGBM,0.15999999999999998,0.9981536838403376,0.9996331244588585,0.9988928563572774,False
LightGBM,0.16499999999999998,0.9981536567853113,0.9996184494372129,0.9988855161086915,False
LightGBM,0.16999999999999998,0.9981828573103357,0.9995890993939216,0.9988854834215659,False
LightGBM,0.175,0.9981974324403541,0.9995597493506303,0.9988781263977592,False
LightGBM,0.18,0.9982119826474382,0.9995157242856934,0.9988634280476627,False
LightGBM,0.185,0.9982557969102688,0.9994716992207564,0.9988633780404638,False
LightGBM,0.19,0.9982996687285627,0.9994570241991106,0.9988780112198878,False
LightGBM,0.195,0.9983142526275671,0.9994276741558193,0.9988706531145041,False
LightGBM,0.19999999999999996,0.9983435214096193,0.9994276741558193,0.9988853036080962,False
LightGBM,0.20499999999999996,0.9983873332355959,0.9993689740692367,0.9988779124771732,False
LightGBM,0.20999999999999996,0.9984458389537271,0.9993396240259454,0.9988925315555165,False
LightGBM,0.21499999999999997,0.9984458161664443,0.9993249490042998,0.9988851891511302,False
LightGBM,0.21999999999999997,0.9984897139254241,0.9993102739826542,0.9988998254389696,False
LightGBM,0.22499999999999998,0.9984897139254241,0.9993102739826542,0.9988998254389696,False
LightGBM,0.22999999999999998,0.9985043549664213,0.9993102739826542,0.9989071519205521,False
LightGBM,0.235,0.9985189747199249,0.9992955989610085,0.9989071358892173,False
LightGBM,0.24,0.9985482167996246,0.9992662489177172,0.9989071038251366,False
LightGBM,0.245,0.9985628602014929,0.9992662489177172,0.9989144307362801,False
LightGBM,0.24999999999999994,0.998592106999868,0.9992368988744258,0.9989143988850583,False
LightGBM,0.25499999999999995,0.9986213976681089,0.9992368988744258,0.998929053459304,True
LightGBM,0.25999999999999995,0.9986359636256967,0.9991781987878432,0.9989070076216046,False
LightGBM,0.26499999999999996,0.9986505515137292,0.9991341737229062,0.9988923040808692,False
LightGBM,0.26999999999999996,0.998679848622642,0.9991341737229062,0.998906959513487,False
LightGBM,0.27499999999999997,0.9986944978217183,0.9991341737229062,0.9989142873910619,False
LightGBM,0.27999999999999997,0.9987091285150578,0.9991194987012606,0.9989142714614786,False
LightGBM,0.285,0.9987091095789937,0.999104823679615,0.9989069274390557,False
LightGBM,0.29,0.9987237038993046,0.999060798614678,0.9988922228172754,False
LightGBM,0.295,0.9987237038993046,0.999060798614678,0.9988922228172754,False
LightGBM,0.3,0.9987383369520568,0.9990461235930324,0.9988922065631259,False
LightGBM,0.30499999999999994,0.9988115674105374,0.9990167735497409,0.998914159941306,False
LightGBM,0.30999999999999994,0.998840877411782,0.9990167735497409,0.9989288177376043,False
LightGBM,0.31499999999999995,0.9988554826781705,0.998972748484804,0.9989141121399328,False
LightGBM,0.31999999999999995,0.9988554658840793,0.9989580734631583,0.9989067670386593,False
LightGBM,0.32499999999999996,0.9988700896591193,0.998928723419867,0.9988994056790667,False
LightGBM,0.32999999999999996,0.9988700730783905,0.9989140483982214,0.9988920602543125,False
LightGBM,0.33499999999999996,0.9988700730783905,0.9989140483982214,0.9988920602543125,False
LightGBM,0.33999999999999997,0.9988993733765757,0.9988993733765757,0.9988993733765757,False
LightGBM,0.3449999999999999,0.9988993410721886,0.9988700233332845,0.9988846819876142,False
LightGBM,0.3499999999999999,0.9989140005870267,0.9988700233332845,0.9988920114761195,False
LightGBM,0.3549999999999999,0.9989139687105579,0.9988406732899932,0.9988773196557114,False
LightGBM,0.35999999999999993,0.9989139049520064,0.9987819732034104,0.9988479347211928,False
LightGBM,0.36499999999999994,0.9989432123409314,0.9987672981817648,0.9988552475160338,False
LightGBM,0.36999999999999994,0.9989431813177941,0.9987379481384735,0.9988405541857461,False
LightGBM,0.37499999999999994,0.9989725072291455,0.9987379481384735,0.9988552139135539,False
LightGBM,0.37999999999999995,0.9989724619810934,0.9986939230735365,0.9988331731086764,False
LightGBM,0.38499999999999995,0.998972431813511,0.9986645730302453,0.9988184786995927,False
LightGBM,0.38999999999999996,0.9989724167290557,0.9986498980085996,0.9988111313332942,False
LightGBM,0.39499999999999996,0.9989870370098507,0.9986058729436625,0.998796418611478,False
LightGBM,0.3999999999999999,0.9990163549343747,0.9985911979220169,0.9988037311844529,False
LightGBM,0.4049999999999999,0.9990163549343747,0.9985911979220169,0.9988037311844529,False
LightGBM,0.4099999999999999,0.999031007751938,0.9985765229003712,0.998803713625188,False
LightGBM,0.4149999999999999,0.9990456334057674,0.9985324978354343,0.9987889997137636,False
LightGBM,0.41999999999999993,0.9990455913662727,0.9984884727704973,0.998766954377312,False
LightGBM,0.42499999999999993,0.9990455773522847,0.9984737977488517,0.9987596057160891,False
LightGBM,0.42999999999999994,0.9990749034522254,0.998459122727206,0.9987669181762132,False
LightGBM,0.43499999999999994,0.9991042452899456,0.998459122727206,0.9987815798358802,False
LightGBM,0.43999999999999995,0.9991335634040679,0.9984297726839148,0.9987815440625963,False
LightGBM,0.44499999999999995,0.9991482112436116,0.9984004226406233,0.9987741769736118,False
LightGBM,0.4499999999999999,0.9991628480789566,0.9983563975756864,0.9987594600347939,False
LightGBM,0.4549999999999999,0.9991628357836297,0.9983417225540407,0.9987521104015268,False
LightGBM,0.4599999999999999,0.9991774987148417,0.9983270475323951,0.9987520920809232,False
LightGBM,0.4649999999999999,0.9991774866341578,0.9983123725107494,0.9987447422317162,False
LightGBM,0.4699999999999999,0.9991921506418731,0.9982976974891038,0.9987447238025325,False
LightGBM,0.4749999999999999,0.9991921387758699,0.9982830224674581,0.9987373737373737,False
LightGBM,0.4799999999999999,0.9991921150428179,0.9982536724241668,0.998722673283317,False
LightGBM,0.48499999999999993,0.9991920557040868,0.9981802973159385,0.9986859202595858,False
LightGBM,0.48999999999999994,0.9991920319661535,0.9981509472726472,0.9986712182946078,False
LightGBM,0.49499999999999994,0.9992066873319719,0.9981215972293559,0.9986638475317887,False
LightGBM,0.49999999999999994,0.9992213325497686,0.998077572164419,0.9986491248678492,False
LightGBM,0.5049999999999999,0.9992212982280861,0.998033547099482,0.998627069490841,False
LightGBM,0.5099999999999999,0.9992212524611361,0.9979748470128993,0.9985976608101262,False
LightGBM,0.5149999999999999,0.9992212524611361,0.9979748470128993,0.9985976608101262,False
LightGBM,0.5199999999999999,0.9992506171388269,0.9979748470128993,0.9986123246132498,False
LightGBM,0.5249999999999999,0.99927997296225,0.9979601719912536,0.9986196364063555,False
LightGBM,0.5299999999999999,0.9993093313739897,0.997945496969608,0.9986269485215833,False
LightGBM,0.5349999999999999,0.9993093313739897,0.997945496969608,0.9986269485215833,False
LightGBM,0.5399999999999999,0.9993093212244119,0.9979308219479623,0.9986195958646616,False
LightGBM,0.5449999999999999,0.9993239867148693,0.997901471904671,0.9986122227198966,False
LightGBM,0.5499999999999999,0.999323976780072,0.9978867968830254,0.9986048697388904,False
LightGBM,0.5549999999999999,0.9993386437788425,0.9978574468397341,0.998597496053163,False
LightGBM,0.5599999999999999,0.9993386340588762,0.9978427718180884,0.9985901427480468,False
LightGBM,0.565,0.9993386340588762,0.9978427718180884,0.9985901427480468,False
LightGBM,0.57,0.9993533215755438,0.9978427718180884,0.9985974754558204,False
LightGBM,0.575,0.999353302566213,0.9978134217747971,0.9985827685213062,False
LightGBM,0.58,0.9993532740501213,0.9977693967098602,0.9985607073095507,False
LightGBM,0.585,0.9993532645441985,0.9977547216882144,0.9985533533562937,False
LightGBM,0.59,0.9993532360247535,0.9977106966232775,0.9985312908484733,False
LightGBM,0.595,0.9993532265177127,0.9976960216016318,0.9985239364631755,False
LightGBM,0.6,0.9993532265177127,0.9976960216016318,0.9985239364631755,False
LightGBM,0.605,0.9993532265177127,0.9976960216016318,0.9985239364631755,False
LightGBM,0.61,0.999353207502793,0.9976666715583405,0.9985092273685293,False
LightGBM,0.615,0.9993531979949137,0.9976519965366949,0.998501872659176,False
LightGBM,0.62,0.9993678794560823,0.9976373215150492,0.9985018506550731,False
LightGBM,0.625,0.9993825708573445,0.9976373215150492,0.99850918357605,False
LightGBM,0.63,0.9993972449684656,0.997607971471758,0.9985018066449282,False
LightGBM,0.635,0.9993972183833691,0.997563946406821,0.9984797408949699,False
LightGBM,0.6399999999999999,0.9993972183833691,0.997563946406821,0.9984797408949699,False
LightGBM,0.6449999999999999,0.9993972095211491,0.9975492713851752,0.9984723854289071,False
LightGBM,0.6499999999999999,0.99941188578822,0.9975199213418839,0.9984650073077403,False
LightGBM,0.6549999999999999,0.9994265802126064,0.9975199213418839,0.998472340550545,False
LightGBM,0.6599999999999999,0.9994412668538912,0.9975052463202383,0.9984723181103751,False
LightGBM,0.6649999999999999,0.9994559543589819,0.9974905712985926,0.9984722956695458,False
LightGBM,0.6699999999999999,0.999455930359086,0.9974465462336557,0.9984502273244754,False
LightGBM,0.6749999999999999,0.9994559223586501,0.99743187121201,0.9984428709933307,False
LightGBM,0.6799999999999999,0.9994706115906651,0.9974171961903644,0.9984428481189311,False
LightGBM,0.6849999999999999,0.9994853016867399,0.9974025211687187,0.9984428252438594,False
LightGBM,0.69,0.9994999926469507,0.9973878461470731,0.9984428023681157,False
LightGBM,0.695,0.9994999779402033,0.9973584961037818,0.9984280887321875,False
LightGBM,0.7,0.999514670196338,0.9973438210821362,0.9984280656392778,False
LightGBM,0.705,0.9995146630585051,0.9973291460604904,0.998420708550945,False
LightGBM,0.71,0.999529363316812,0.9973291460604904,0.9984280425456896,False
LightGBM,0.715,0.9995440505956759,0.9972997960171991,0.9984206621465772,False
LightGBM,0.72,0.9995587521510833,0.9972997960171991,0.9984279963564775,False
LightGBM,0.725,0.999558745660999,0.9972851209955534,0.9984206389433707,False
LightGBM,0.73,0.9995587326802577,0.9972557709522621,0.998405923792873,False
LightGBM,0.735,0.9995587326802577,0.9972557709522621,0.998405923792873,False
LightGBM,0.74,0.9995587132077137,0.9972117458873252,0.9983838502563801,False
LightGBM,0.7449999999999999,0.9995734102175607,0.9971970708656795,0.9983838265111222,False
LightGBM,0.7499999999999999,0.999573403942336,0.9971823958440339,0.9983764683411327,False
LightGBM,0.7549999999999999,0.9995733788395904,0.9971236957574512,0.9983470345800366,False
LightGBM,0.7599999999999999,0.9995733662871098,0.9970943457141599,0.9983323170507725,False
LightGBM,0.7649999999999999,0.9995880656741011,0.9970796706925142,0.9983322925467436,False
LightGBM,0.7699999999999999,0.9996027659261438,0.9970649956708686,0.9983322680419945,False
LightGBM,0.7749999999999999,0.999602760081802,0.9970503206492229,0.9983249088985542,False
LightGBM,0.7799999999999999,0.9996174501581696,0.997006295584286,0.9983101654568431,False
LightGBM,0.7849999999999999,0.9996174445294568,0.9969916205626403,0.9983028058806674,False
LightGBM,0.7899999999999999,0.9996321419637734,0.996962270519349,0.9982954211485334,False
LightGBM,0.7949999999999999,0.9996321365509123,0.9969475954977034,0.9982880612477315,False
LightGBM,0.7999999999999999,0.999632131137892,0.9969329204760577,0.9982807012387768,False
LightGBM,0.8049999999999999,0.999632131137892,0.9969329204760577,0.9982807012387768,False
LightGBM,0.8099999999999999,0.9996321203113734,0.9969035704327663,0.9982659808963997,False
LightGBM,0.815,0.9996762515819525,0.9969035704327663,0.9982879857748518,False
LightGBM,0.82,0.999705670262395,0.9968888954111207,0.9982952958984231,False
LightGBM,0.825,0.9997350954392265,0.9968888954111207,0.9983099667871734,False
LightGBM,0.83,0.9997498086772237,0.9968888954111207,0.9983173023932516,False
LightGBM,0.835,0.9997498086772237,0.9968888954111207,0.9983173023932516,False
LightGBM,0.84,0.9997645188826421,0.996874220389475,0.9983172776638817,False
LightGBM,0.845,0.9998086603279268,0.9968595453678294,0.9983319248998788,False
LightGBM,0.8499999999999999,0.9998233761646134,0.9968595453678294,0.9983392610446489,False
LightGBM,0.8549999999999999,0.9998233683652742,0.9968155203028924,0.9983171787391333,False
LightGBM,0.8599999999999999,0.9998233683652742,0.9968155203028924,0.9983171787391333,False
LightGBM,0.8649999999999999,0.999823363165332,0.9967861702596011,0.9983024566612042,False
LightGBM,0.8699999999999999,0.9998233579650837,0.9967568202163098,0.9982877341505177,False
LightGBM,0.8749999999999999,0.9998380757511077,0.9967568202163098,0.9982950704018343,False
LightGBM,0.8799999999999999,0.9998380757511077,0.9967568202163098,0.9982950704018343,False
LightGBM,0.8849999999999999,0.9998380709837924,0.9967274701730185,0.9982803474580008,False
LightGBM,0.8899999999999999,0.9998380662161963,0.9966981201297271,0.9982656240813687,False
LightGBM,0.8949999999999999,0.9998527809675235,0.9966687700864358,0.9982582366299451,False
LightGBM,0.8999999999999999,0.9998527809675235,0.9966687700864358,0.9982582366299451,False
LightGBM,0.9049999999999999,0.9998527809675235,0.9966687700864358,0.9982582366299451,False
LightGBM,0.9099999999999999,0.9998674970186829,0.9966394200431445,0.9982508488527626,False
LightGBM,0.9149999999999999,0.9998822143698469,0.9966100699998532,0.9982434607497997,False
LightGBM,0.9199999999999999,0.999882207432711,0.9965513699132706,0.9982140100985601,False
LightGBM,0.9249999999999999,0.999882207432711,0.9965513699132706,0.9982140100985601,False
LightGBM,0.9299999999999999,0.9998822022293228,0.9965073448483337,0.9981919209737167,False
LightGBM,0.9349999999999999,0.9998969163255088,0.9964192947184597,0.9981550764797977,False
LightGBM,0.94,0.9998969148074516,0.996404619696814,0.9981477125720334,False
LightGBM,0.945,0.9999116373597243,0.9963752696535227,0.9981403212172443,False
LightGBM,0.95,0.9999116295510782,0.9962872195236488,0.9980961341968112,False
CatBoost,0.05,0.9969275336873985,0.9999412999134174,0.9984321425431527,False
CatBoost,0.055,0.997000468219595,0.9999412999134174,0.9984687186325437,False
CatBoost,0.06,0.9971025944949296,0.9999412999134174,0.9985199296600235,False
CatBoost,0.065,0.997306870407775,0.9999266248917718,0.9986150294947422,False
CatBoost,0.07,0.997423661328571,0.9999266248917718,0.9986735748257692,False
CatBoost,0.075,0.9974674649763581,0.9999266248917718,0.9986955310947279,False
CatBoost,0.08,0.9974966695457407,0.9999266248917718,0.9987101691437282,False
CatBoost,0.08499999999999999,0.9975112360373022,0.9999119498701261,0.9987101502381824,False
CatBoost,0.09,0.9975550480206137,0.9999119498701261,0.9987321084377084,False
CatBoost,0.095,0.9975550122249389,0.9998972748484805,0.9987247702387758,False
CatBoost,0.09999999999999999,0.9975988286969253,0.9998972748484805,0.9987467294034872,False
CatBoost,0.105,0.9976134350429728,0.9998972748484805,0.9987540493396462,False
CatBoost,0.10999999999999999,0.9976280418167442,0.9998972748484805,0.9987613693831033,False
CatBoost,0.11499999999999999,0.9976425799838934,0.999867924805189,0.9987540128116801,False
CatBoost,0.12,0.99767176243191,0.9998532497835434,0.9987613149118628,False
CatBoost,0.12499999999999999,0.9976863715570133,0.9998532497835434,0.9987686353841417,False
CatBoost,0.13,0.9977155910908052,0.9998532497835434,0.9987832766506392,False
CatBoost,0.135,0.997715557638238,0.9998385747618977,0.9987759380199515,False
CatBoost,0.13999999999999999,0.9977593907886065,0.9998385747618977,0.9987979007241915,False
CatBoost,0.145,0.9978031634446397,0.9998092247186064,0.9988051868086759,False
CatBoost,0.14999999999999997,0.9978177770617613,0.9998092247186064,0.9988125082464705,False
CatBoost,0.15499999999999997,0.9978762358110582,0.9998092247186064,0.9988417950710317,False
CatBoost,0.15999999999999998,0.9979199929689904,0.9997651996536695,0.9988417441280826,False
CatBoost,0.16499999999999998,0.9979784366576819,0.9997505246320239,0.9988636946784256,False
CatBoost,0.16999999999999998,0.998036860148261,0.9997211745887326,0.9988783073437878,False
CatBoost,0.175,0.9980953497230931,0.9997211745887326,0.9989076006070515,False
CatBoost,0.18,0.9981391668742399,0.9996918245454413,0.998914892369054,False
CatBoost,0.185,0.9981830436948685,0.9996918245454413,0.9989368644098864,True
CatBoost,0.19,0.9982267944547026,0.9996184494372129,0.9989221372478571,False
CatBoost,0.195,0.9982706061671943,0.999574424372276,0.9989220898258478,False
CatBoost,0.19999999999999996,0.9983143267567647,0.9994716992207564,0.9988926777398893,False
CatBoost,0.20499999999999996,0.9983434728432163,0.999398324112528,0.9988706199856261,False
CatBoost,0.20999999999999996,0.9984312000586467,0.9993396240259454,0.9988852055035644,False
CatBoost,0.21499999999999997,0.9984896917798176,0.9992955989610085,0.9988924828188146,False
CatBoost,0.21999999999999997,0.9985482167996246,0.9992662489177172,0.9989071038251366,False
CatBoost,0.22499999999999998,0.9985773788572099,0.9991781987878432,0.9988776984749903,False
CatBoost,0.22999999999999998,0.998606547758742,0.9990901486579693,0.9988482896734865,False
CatBoost,0.235,0.998694382912553,0.9990461235930324,0.998870222287433,False
CatBoost,0.24,0.9987676237144408,0.9990314485713866,0.9988995187228548,False
CatBoost,0.245,0.9988115325361309,0.9989874235064496,0.9988994702783607,False
CatBoost,0.24999999999999994,0.9988554658840793,0.9989580734631583,0.9989067670386593,False
CatBoost,0.25499999999999995,0.9988700233332845,0.9988700233332845,0.9988700233332845,False
CatBoost,0.25999999999999995,0.9989138571281795,0.9987379481384735,0.9988258948882399,False
CatBoost,0.26499999999999996,0.9989431658055425,0.9987232731168278,0.9988332073588658,False
CatBoost,0.26999999999999996,0.9989577981651376,0.9986939230735365,0.9988258431913583,False
CatBoost,0.27499999999999997,0.9989577828665375,0.9986792480518909,0.9988184960408609,False
CatBoost,0.27999999999999997,0.9989870964900691,0.9986645730302453,0.9988258087242412,False
CatBoost,0.285,0.9990016883212215,0.9985911979220169,0.9987964009452656,False
CatBoost,0.29,0.9990309081565231,0.9984737977488517,0.9987522752627561,False
CatBoost,0.295,0.9990602055800294,0.9984297726839148,0.9987448896457066,False
CatBoost,0.3,0.9990748626978766,0.9984150976622691,0.9987448712208513,False
CatBoost,0.30499999999999994,0.9991334870537091,0.9983417225540407,0.9987374478830231,False
CatBoost,0.30999999999999994,0.9991481236689432,0.9982976974891038,0.9987227295416508,False
CatBoost,0.31499999999999995,0.9991480611045829,0.9982243223808756,0.9986859781387871,False
CatBoost,0.31999999999999995,0.9991773778920309,0.9981802973159385,0.9986785887327666,False
CatBoost,0.32499999999999996,0.9992360692826396,0.9981509472726472,0.998693213520101,False
CatBoost,0.32999999999999996,0.9992507272353304,0.9981215972293559,0.9986858430793853,False
CatBoost,0.33499999999999996,0.9992947088469959,0.998033547099482,0.9986637298091042,False
CatBoost,0.33999999999999997,0.9992946881199031,0.9980041970561907,0.9986490256831965,False
CatBoost,0.3449999999999999,0.9992946362968406,0.9979308219479623,0.9986122634790334,False
CatBoost,0.3499999999999999,0.9992946155654832,0.997901471904671,0.9985975578415608,False
CatBoost,0.3549999999999999,0.9993239668449827,0.9978721218613797,0.9985975166499005,False
CatBoost,0.35999999999999993,0.9993386243386243,0.9978280967964428,0.998582789334939,False
CatBoost,0.36499999999999994,0.9993826888310772,0.9978280967964428,0.9986047877808782,False
CatBoost,0.36999999999999994,0.999412050034542,0.9977987467531515,0.9986047467982611,False
CatBoost,0.37499999999999994,0.9994267150773934,0.9977547216882144,0.9985900185060071,False
CatBoost,0.37999999999999995,0.9994267150773934,0.9977547216882144,0.9985900185060071,False
CatBoost,0.38499999999999995,0.9994413736328355,0.9976960216016318,0.9985679349622155,False
CatBoost,0.38999999999999996,0.9994707283366168,0.9976373215150492,0.9985531833638119,False
CatBoost,0.39499999999999996,0.999470704991546,0.9975932964501123,0.9985311182596689,False
CatBoost,0.3999999999999999,0.9994853924984929,0.9975786214284666,0.9985310966832163,False
CatBoost,0.4049999999999999,0.9995000661677131,0.9975345963635296,0.9985163640636935,False
CatBoost,0.4099999999999999,0.9995147486986442,0.9975052463202383,0.9985089864780498,False
CatBoost,0.4149999999999999,0.9995588105532516,0.99743187121201,0.9984942082106052,False
CatBoost,0.41999999999999993,0.9995735105960557,0.99743187121201,0.9985015425297488,False
CatBoost,0.42499999999999993,0.9995881929022106,0.9973878461470731,0.9984868073103367,False
CatBoost,0.42999999999999994,0.9995881929022106,0.9973878461470731,0.9984868073103367,False
CatBoost,0.43499999999999994,0.9996175795728658,0.9973438210821362,0.998479405866408,False
CatBoost,0.43999999999999995,0.9996322826422699,0.9973438210821362,0.9984867406155881,False
CatBoost,0.44499999999999995,0.9996322772335481,0.9973291460604904,0.9984793835259202,False
CatBoost,0.4499999999999999,0.9996469757590021,0.9973144710388447,0.998479361184776,False
CatBoost,0.4549999999999999,0.9996469757590021,0.9973144710388447,0.998479361184776,False
CatBoost,0.4599999999999999,0.999646965373187,0.9972851209955534,0.9984646464646465,False
CatBoost,0.4649999999999999,0.9996469601800503,0.9972704459739078,0.9984572889424348,False
CatBoost,0.4699999999999999,0.9996469549867608,0.9972557709522621,0.9984499313121221,False
CatBoost,0.4749999999999999,0.9996616552414016,0.9972410959306165,0.9984499085372573,False
CatBoost,0.4799999999999999,0.99966165026406,0.9972264209089708,0.9984425506905672,False
CatBoost,0.48499999999999993,0.9996616403089371,0.9971970708656795,0.9984278346728573,False
CatBoost,0.48999999999999994,0.9996616253751545,0.9971530458007426,0.9984057598354332,False
CatBoost,0.49499999999999994,0.999661620396934,0.997138370779097,0.9983984013400532,False
CatBoost,0.49999999999999994,0.9996910265275796,0.9971090207358055,0.9983983542722797,False
CatBoost,0.5049999999999999,0.9996910083427747,0.9970503206492229,0.9983689183430562,False
CatBoost,0.5099999999999999,0.9996909947027663,0.997006295584286,0.9983468402606849,False
CatBoost,0.5149999999999999,0.9996909810615536,0.996962270519349,0.9983247612049964,False
CatBoost,0.5199999999999999,0.9997056919183,0.996962270519349,0.9983320964885856,False
CatBoost,0.5249999999999999,0.999705687587374,0.9969475954977034,0.9983247365868713,False
CatBoost,0.5299999999999999,0.999705687587374,0.9969475954977034,0.9983247365868713,False
CatBoost,0.5349999999999999,0.9997056832563205,0.9969329204760577,0.9983173765770003,False
CatBoost,0.5399999999999999,0.9997056789251394,0.9969182454544121,0.9983100164589701,False
CatBoost,0.5449999999999999,0.9997203867492752,0.9969035704327663,0.9983099916234367,False
CatBoost,0.5499999999999999,0.9997350915405898,0.996874220389475,0.9983026063442844,False
CatBoost,0.5549999999999999,0.9997350915405898,0.996874220389475,0.9983026063442844,False
CatBoost,0.5599999999999999,0.9997497976304364,0.9968448703461837,0.9982952207395215,False
CatBoost,0.565,0.9997645050189868,0.9968155203028924,0.9982878348091266,False
CatBoost,0.57,0.9997645050189868,0.9968155203028924,0.9982878348091266,False
CatBoost,0.575,0.9997645050189868,0.9968155203028924,0.9982878348091266,False
CatBoost,0.58,0.999764498086547,0.9967861702596011,0.9982731127326705,False
CatBoost,0.585,0.999764494620174,0.9967714952379555,0.9982657515321645,False
CatBoost,0.59,0.9997792104565928,0.9967714952379555,0.9982730873523857,False
CatBoost,0.595,0.9997939206594539,0.9967421451946642,0.998265700554094,False
CatBoost,0.6,0.9998233527645293,0.9967274701730185,0.9982730112070549,False
CatBoost,0.605,0.9998380709837924,0.9967274701730185,0.9982803474580008,False
CatBoost,0.61,0.9998380686000294,0.9967127951513729,0.9982729858237858,False
CatBoost,0.615,0.9998527809675235,0.9966687700864358,0.9982582366299451,False
CatBoost,0.62,0.9998527766327071,0.9966394200431445,0.9982435123872798,False
CatBoost,0.625,0.999852770130004,0.9965953949782076,0.9982214252116651,False
CatBoost,0.63,0.999852770130004,0.9965953949782076,0.9982214252116651,False
CatBoost,0.635,0.999852770130004,0.9965953949782076,0.9982214252116651,False
CatBoost,0.6399999999999999,0.9998674892150945,0.996580719956562,0.998221399068072,False
CatBoost,0.6449999999999999,0.9998674872640537,0.9965660449349163,0.9982140363513424,False
CatBoost,0.6499999999999999,0.9998674853129556,0.9965513699132706,0.9982066735263854,False
CatBoost,0.6549999999999999,0.9998674833617999,0.996536694891625,0.9981993105931986,False
CatBoost,0.6599999999999999,0.9998822056982993,0.996536694891625,0.9982066471651796,False
CatBoost,0.6649999999999999,0.9998822039638366,0.9965220198699793,0.9981992841235658,False
CatBoost,0.6699999999999999,0.9998822039638366,0.9965220198699793,0.9981992841235658,False
CatBoost,0.6749999999999999,0.9998969269506575,0.9965220198699793,0.9982066208031987,False
CatBoost,0.6799999999999999,0.9998969269506575,0.9965220198699793,0.9982066208031987,False
CatBoost,0.6849999999999999,0.9998969269506575,0.9965220198699793,0.9982066208031987,False
CatBoost,0.69,0.9998969254329132,0.9965073448483337,0.998199257653155,False
CatBoost,0.695,0.9999116490701064,0.9965073448483337,0.9982065944404428,False
CatBoost,0.7,0.9999116490701064,0.9965073448483337,0.9982065944404428,False
CatBoost,0.705,0.9999116490701064,0.9965073448483337,0.9982065944404428,False
CatBoost,0.71,0.9999116477691061,0.996492669826688,0.9981992311819659,False
CatBoost,0.715,0.9999116477691061,0.996492669826688,0.9981992311819659,False
CatBoost,0.72,0.9999116477691061,0.996492669826688,0.9981992311819659,False
CatBoost,0.725,0.9999116477691061,0.996492669826688,0.9981992311819659,False
CatBoost,0.73,0.9999116477691061,0.996492669826688,0.9981992311819659,False
CatBoost,0.735,0.9999116477691061,0.996492669826688,0.9981992311819659,False
CatBoost,0.74,0.9999116477691061,0.996492669826688,0.9981992311819659,False
CatBoost,0.7449999999999999,0.9999116477691061,0.996492669826688,0.9981992311819659,False
CatBoost,0.7499999999999999,0.9999116477691061,0.996492669826688,0.9981992311819659,False
CatBoost,0.7549999999999999,0.9999116477691061,0.996492669826688,0.9981992311819659,False
CatBoost,0.7599999999999999,0.9999116477691061,0.996492669826688,0.9981992311819659,False
CatBoost,0.7649999999999999,0.9999116477691061,0.996492669826688,0.9981992311819659,False
CatBoost,0.7699999999999999,0.9999116464680675,0.9964779948050423,0.9981918678152472,False
CatBoost,0.7749999999999999,0.9999116464680675,0.9964779948050423,0.9981918678152472,False
CatBoost,0.7799999999999999,0.9999116412635299,0.9964192947184597,0.9981624132659062,False
CatBoost,0.7849999999999999,0.9999116412635299,0.9964192947184597,0.9981624132659062,False
CatBoost,0.7899999999999999,0.9999116412635299,0.9964192947184597,0.9981624132659062,False
CatBoost,0.7949999999999999,0.9999116412635299,0.9964192947184597,0.9981624132659062,False
CatBoost,0.7999999999999999,0.9999116412635299,0.9964192947184597,0.9981624132659062,False
CatBoost,0.8049999999999999,0.9999116412635299,0.9964192947184597,0.9981624132659062,False
CatBoost,0.8099999999999999,0.9999116412635299,0.9964192947184597,0.9981624132659062,False
CatBoost,0.815,0.9999116412635299,0.9964192947184597,0.9981624132659062,False
CatBoost,0.82,0.9999116412635299,0.9964192947184597,0.9981624132659062,False
CatBoost,0.825,0.9999116412635299,0.9964192947184597,0.9981624132659062,False
CatBoost,0.83,0.9999116412635299,0.9964192947184597,0.9981624132659062,False
CatBoost,0.835,0.9999116412635299,0.9964192947184597,0.9981624132659062,False
CatBoost,0.84,0.9999116412635299,0.9964192947184597,0.9981624132659062,False
CatBoost,0.845,0.9999116412635299,0.9964192947184597,0.9981624132659062,False
CatBoost,0.8499999999999999,0.9999116412635299,0.9964192947184597,0.9981624132659062,False
CatBoost,0.8549999999999999,0.9999116412635299,0.9964192947184597,0.9981624132659062,False
CatBoost,0.8599999999999999,0.9999116412635299,0.9964192947184597,0.9981624132659062,False
CatBoost,0.8649999999999999,0.9999116412635299,0.9964192947184597,0.9981624132659062,False
CatBoost,0.8699999999999999,0.9999116399622997,0.996404619696814,0.9981550493579425,False
CatBoost,0.8749999999999999,0.9999116386610312,0.9963899446751684,0.9981476853417226,False
CatBoost,0.8799999999999999,0.9999116386610312,0.9963899446751684,0.9981476853417226,False
CatBoost,0.8849999999999999,0.9999116373597243,0.9963752696535227,0.9981403212172443,False
CatBoost,0.8899999999999999,0.9999116360583791,0.9963605946318771,0.998132956984505,False
CatBoost,0.8949999999999999,0.9999116347569956,0.9963459196102314,0.9981255926435024,False
CatBoost,0.8999999999999999,0.9999116321541135,0.9963165695669401,0.9981108636366978,False
CatBoost,0.9049999999999999,0.9999116282495029,0.9962725445020031,0.9980887693144562,False
CatBoost,0.9099999999999999,0.9999116204392464,0.9961844943721292,0.9980445777464126,False
CatBoost,0.9149999999999999,0.9999116022099448,0.99597904406909,0.9979414489258774,False
CatBoost,0.9199999999999999,0.9999115917898243,0.9958616438959248,0.9978825086390707,False
CatBoost,0.9249999999999999,0.9999115735487009,0.9956561935928856,0.9977793464513662,False
CatBoost,0.9299999999999999,0.9999262960833739,0.995465418311492,0.9976908708505537,False
CatBoost,0.9349999999999999,0.999941017738915,0.9951572428569332,0.9975433951162106,False
CatBoost,0.94,0.9999704910292729,0.9945849170127526,0.9972704331256116,False
CatBoost,0.945,0.9999704714237203,0.993924541038698,0.9969383399325846,False
CatBoost,0.95,0.9999704513555441,0.9932494900429978,0.9965986394557823,False
