Model,Threshold,Precision,Recall,F1_score,selected
LogisticRegression_strict,0.05,0.9973787488284911,0.9995010492640477,0.998438771247004,False
LogisticRegression_strict,0.055,0.9975101060401899,0.9994570241991106,0.9984826160578805,False
LogisticRegression_strict,0.06,0.997568442484876,0.9994129991341737,0.9984898689264874,False
LogisticRegression_strict,0.065,0.9976268604242353,0.999398324112528,0.9985118065788413,False
LogisticRegression_strict,0.07,0.997670568586372,0.9993396240259454,0.9985043988269795,False
LogisticRegression_strict,0.075,0.9976851512709691,0.9993249490042998,0.998504376897022,False
LogisticRegression_strict,0.08,0.9977143192041142,0.9992955989610085,0.9985043330351775,False
LogisticRegression_strict,0.08499999999999999,0.9977727958738113,0.9992955989610085,0.9985336168340787,False
LogisticRegression_strict,0.09,0.9978020367792513,0.9992955989610085,0.9985482593776579,False
LogisticRegression_strict,0.095,0.9978751154032152,0.9992809239393629,0.9985775248933144,False
LogisticRegression_strict,0.09999999999999999,0.9979043320241515,0.9992662489177172,0.9985848261095917,False
LogisticRegression_strict,0.105,0.9979043013116435,0.9992515738960714,0.9985774831717725,False
LogisticRegression_strict,0.10999999999999999,0.9979189260485974,0.9992515738960714,0.9985848053557418,False
LogisticRegression_strict,0.11499999999999999,0.9979335209285966,0.9992368988744258,0.9985847846012832,False
LogisticRegression_strict,0.12,0.997933430066394,0.9991928738094888,0.9985627548177045,False
LogisticRegression_strict,0.12499999999999999,0.9979480565163862,0.9991928738094888,0.9985700772158304,False
LogisticRegression_strict,0.13,0.9979919090056285,0.9991781987878432,0.9985847015773611,False
LogisticRegression_strict,0.135,0.9980357378442956,0.9991488487445519,0.9985919831037973,False
LogisticRegression_strict,0.13999999999999999,0.9980503679380809,0.9991488487445519,0.9985993062532542,False
LogisticRegression_strict,0.145,0.9980503679380809,0.9991488487445519,0.9985993062532542,False
LogisticRegression_strict,0.14999999999999997,0.9980649417283589,0.9991194987012606,0.9985919418002611,False
LogisticRegression_strict,0.15499999999999997,0.998079544954774,0.999104823679615,0.9985919211475842,False
LogisticRegression_strict,0.15999999999999998,0.9980940931548623,0.999060798614678,0.998577211922084,False
LogisticRegression_strict,0.16499999999999998,0.9981379937248922,0.999060798614678,0.9985991829789731,False
LogisticRegression_strict,0.16999999999999998,0.9981672360453353,0.9990461235930324,0.9986064864389128,False
LogisticRegression_strict,0.175,0.9981818448409847,0.9990314485713866,0.9986064659977704,False
LogisticRegression_strict,0.18,0.9982111174650655,0.9990314485713866,0.9986211145501753,False
LogisticRegression_strict,0.185,0.9982257544209507,0.9990314485713866,0.9986284389875386,False
LogisticRegression_strict,0.19,0.9982403660038712,0.9990167735497409,0.9986284188676754,False
LogisticRegression_strict,0.195,0.9982696171161263,0.9990020985280953,0.9986357235066307,False
LogisticRegression_strict,0.19999999999999996,0.9982987959581738,0.9989433984415127,0.9986209931783173,False
LogisticRegression_strict,0.20499999999999996,0.9983719804637655,0.998928723419867,0.9986502743464101,False
LogisticRegression_strict,0.20999999999999996,0.9984012203529049,0.9988993733765757,0.998650234741784,False
LogisticRegression_strict,0.21499999999999997,0.9984598008009036,0.9988993733765757,0.9986795387188592,False
LogisticRegression_strict,0.21999999999999997,0.9984890936028517,0.9988993733765757,0.998694191352319,False
LogisticRegression_strict,0.22499999999999998,0.9985037186991155,0.9988846983549301,0.9986941721932038,False
LogisticRegression_strict,0.22999999999999998,0.9985036967492078,0.9988700233332845,0.9986868264483424,False
LogisticRegression_strict,0.235,0.9985036747986562,0.9988553483116388,0.998679480595701,False
LogisticRegression_strict,0.24,0.9985329499442521,0.9988406732899932,0.9986867879125797,False
LogisticRegression_strict,0.245,0.998547577829289,0.9988259982683474,0.9986867686438502,False
LogisticRegression_strict,0.24999999999999994,0.9985768570548277,0.9988113232467017,0.9986940763891946,False
LogisticRegression_strict,0.25499999999999995,0.998606159308655,0.9988113232467017,0.9987087307410125,True
LogisticRegression_strict,0.25999999999999995,0.9986207706077412,0.9987819732034104,0.9987013654005591,False
LogisticRegression_strict,0.26499999999999996,0.9986207503704899,0.9987672981817648,0.9986940189000411,False
LogisticRegression_strict,0.26999999999999996,0.9986206896551724,0.9987232731168278,0.99867197875166,False
LogisticRegression_strict,0.27499999999999997,0.9986645534325379,0.9986498980085996,0.9986572256668012,False
LogisticRegression_strict,0.27999999999999997,0.998679170519086,0.9986205479653083,0.9986498583818846,False
LogisticRegression_strict,0.285,0.9986791511344624,0.9986058729436625,0.9986425106948144,False
LogisticRegression_strict,0.29,0.9986937697218757,0.9985765229003712,0.9986351428697222,False
LogisticRegression_strict,0.295,0.9987083137623297,0.9984884727704973,0.9985983811669394,False
LogisticRegression_strict,0.3,0.9987228982869222,0.9984297726839148,0.9985763139741388,False
LogisticRegression_strict,0.30499999999999994,0.9988108520758706,0.9984150976622691,0.9986129356592959,False
LogisticRegression_strict,0.30999999999999994,0.9988401456424713,0.9983857476189777,0.9986128949396352,False
LogisticRegression_strict,0.31499999999999995,0.9988400775239326,0.9983270475323951,0.9985834966348871,False
LogisticRegression_strict,0.31999999999999995,0.9988547096395272,0.9982976974891038,0.9985761258880864,False
LogisticRegression_strict,0.32499999999999996,0.9988546760054623,0.9982683474458125,0.998561425656533,False
LogisticRegression_strict,0.32999999999999996,0.9988840105137957,0.9982683474458125,0.9985760840844368,False
LogisticRegression_strict,0.33499999999999996,0.9988986460689007,0.9982389974025212,0.9985687127957076,False
LogisticRegression_strict,0.33999999999999997,0.9989279367923282,0.9981949723375843,0.998561320062245,False
LogisticRegression_strict,0.3449999999999999,0.9989572777606438,0.9981949723375843,0.9985759795645727,False
LogisticRegression_strict,0.3499999999999999,0.9989719186934555,0.9981656222942928,0.9985686077324545,False
LogisticRegression_strict,0.3549999999999999,0.998986546031373,0.9981215972293559,0.9985538843254275,False
LogisticRegression_strict,0.35999999999999993,0.9989865162598044,0.9980922471860646,0.9985391815011929,False
LogisticRegression_strict,0.36499999999999994,0.9990451707675359,0.9980482221211276,0.9985464476060433,False
LogisticRegression_strict,0.36999999999999994,0.9990744957470876,0.9980188720778363,0.9985464049216674,False
LogisticRegression_strict,0.37499999999999994,0.9991038110069639,0.9979748470128993,0.9985390099038977,False
LogisticRegression_strict,0.37999999999999995,0.999118437871909,0.9979161469263167,0.998516930486623,False
LogisticRegression_strict,0.38499999999999995,0.9991624544492771,0.9978867968830254,0.9985242182394878,False
LogisticRegression_strict,0.38999999999999996,0.9992358335292735,0.9978427718180884,0.9985388168087466,False
LogisticRegression_strict,0.39499999999999996,0.9992505070099639,0.9978280967964428,0.998538795350579,False
LogisticRegression_strict,0.3999999999999999,0.9992504959952972,0.9978134217747971,0.9985314418304109,False
LogisticRegression_strict,0.4049999999999999,0.9992504849803069,0.9977987467531515,0.9985240882022514,False
LogisticRegression_strict,0.4099999999999999,0.9992651381540271,0.9977547216882144,0.9985093587305317,False
LogisticRegression_strict,0.4149999999999999,0.9992650949497325,0.9976960216016318,0.9984799418412531,False
LogisticRegression_strict,0.41999999999999993,0.9993238476011289,0.9976960216016318,0.9985092711584358,False
LogisticRegression_strict,0.42499999999999993,0.9993532170103926,0.9976813465799862,0.9985165819698616,False
LogisticRegression_strict,0.42999999999999994,0.9993678980404839,0.9976666715583405,0.9985165601821253,False
LogisticRegression_strict,0.43499999999999994,0.9993678794560823,0.9976373215150492,0.9985018506550731,False
LogisticRegression_strict,0.43999999999999995,0.9993678515774308,0.9975932964501123,0.9984797855542907,False
LogisticRegression_strict,0.44499999999999995,0.9993824982357092,0.9975199213418839,0.9984503411452786,False
LogisticRegression_strict,0.4499999999999999,0.9993824800776311,0.9974905712985926,0.9984356294571708,False
LogisticRegression_strict,0.4549999999999999,0.999382461918485,0.9974612212553013,0.9984209173368588,False
LogisticRegression_strict,0.4599999999999999,0.9993824437582708,0.99743187121201,0.9984062047843235,False
LogisticRegression_strict,0.4649999999999999,0.9993824165159468,0.9973878461470731,0.9983841351450606,False
LogisticRegression_strict,0.4699999999999999,0.999397067690181,0.9973144710388447,0.9983546832765308,False
LogisticRegression_strict,0.4749999999999999,0.999397067690181,0.9973144710388447,0.9983546832765308,False
LogisticRegression_strict,0.4799999999999999,0.9993970410894438,0.9972704459739078,0.9983326110429628,False
LogisticRegression_strict,0.48499999999999993,0.9994264031062478,0.9972117458873252,0.9983178462555552,False
LogisticRegression_strict,0.48999999999999994,0.9994263862332696,0.9971823958440339,0.9983031300272528,False
LogisticRegression_strict,0.49499999999999994,0.999426352484335,0.9971236957574512,0.9982736962733877,False
LogisticRegression_strict,0.49999999999999994,0.9994410449517533,0.9971090207358055,0.9982736709102529,False
LogisticRegression_strict,0.5049999999999999,0.999441003839421,0.9970356456275773,0.998236875743818,False
LogisticRegression_strict,0.5099999999999999,0.999455698250879,0.9970209706059316,0.9982368498383779,False
LogisticRegression_strict,0.5149999999999999,0.9994703857357224,0.9969916205626403,0.9982294643578686,False
LogisticRegression_strict,0.5199999999999999,0.9994703623604184,0.9969475954977034,0.9982073849861146,False
LogisticRegression_strict,0.5249999999999999,0.9994850669412977,0.9969475954977034,0.998214718652884,False
LogisticRegression_strict,0.5299999999999999,0.9994997719548617,0.9969475954977034,0.9982220524274127,False
LogisticRegression_strict,0.5349999999999999,0.9994997572351288,0.9969182454544121,0.9982073323047536,False
LogisticRegression_strict,0.5399999999999999,0.9995144631139099,0.9969182454544121,0.9982146661866592,False
LogisticRegression_strict,0.5449999999999999,0.9995144345369471,0.9968595453678294,0.9981852246427391,False
LogisticRegression_strict,0.5499999999999999,0.9995144202472043,0.9968301953245381,0.9981705032218247,False
LogisticRegression_strict,0.5549999999999999,0.9995144202472043,0.9968301953245381,0.9981705032218247,False
LogisticRegression_strict,0.5599999999999999,0.9995144131020174,0.9968155203028924,0.9981631423491205,False
LogisticRegression_strict,0.565,0.9995143988110129,0.9967861702596011,0.9981484202792065,False
LogisticRegression_strict,0.57,0.9995291001397983,0.9967714952379555,0.9981483930696998,False
LogisticRegression_strict,0.575,0.9995291001397983,0.9967714952379555,0.9981483930696998,False
LogisticRegression_strict,0.58,0.9995290932101127,0.9967568202163098,0.9981410317641094,False
LogisticRegression_strict,0.585,0.9995290862802231,0.9967421451946642,0.998133670350341,False
LogisticRegression_strict,0.59,0.9995290793501295,0.9967274701730185,0.9981263088283919,False
LogisticRegression_strict,0.595,0.9995290585586248,0.9966834451080815,0.998104223613438,False
LogisticRegression_strict,0.6,0.999543762049833,0.9966687700864358,0.9981041957528106,False
LogisticRegression_strict,0.605,0.9995437351897914,0.9966100699998532,0.9980747468512559,False
LogisticRegression_strict,0.61,0.9995584339122755,0.996580719956562,0.9980673559518823,False
LogisticRegression_strict,0.615,0.9995731276495525,0.996536694891625,0.9980526017974853,False
LogisticRegression_strict,0.62,0.9996025495709008,0.9965220198699793,0.998059907698639,False
LogisticRegression_strict,0.625,0.9996172417854199,0.9964633197833966,0.9980377890953988,False
LogisticRegression_strict,0.63,0.9996319470003681,0.9964339697401053,0.9980303965664227,False
LogisticRegression_strict,0.635,0.9996466483120096,0.9963899446751684,0.9980156396989652,False
LogisticRegression_strict,0.6399999999999999,0.9996613563414706,0.9963605946318771,0.9980082463012914,False
LogisticRegression_strict,0.6449999999999999,0.9996760513605842,0.9962872195236488,0.997978758590276,False
LogisticRegression_strict,0.6499999999999999,0.9996760513605842,0.9962872195236488,0.997978758590276,False
LogisticRegression_strict,0.6549999999999999,0.9996760465903903,0.9962725445020031,0.9979713937113205,False
LogisticRegression_strict,0.6599999999999999,0.999676041820056,0.9962578694803574,0.9979640287241002,False
LogisticRegression_strict,0.6649999999999999,0.9996760370495811,0.9962431944587118,0.9979566636286126,False
LogisticRegression_strict,0.6699999999999999,0.9996760370495811,0.9962431944587118,0.9979566636286126,False
LogisticRegression_strict,0.6749999999999999,0.9996760131950989,0.9961698193504835,0.9979198365270826,False
LogisticRegression_strict,0.6799999999999999,0.9996760036523225,0.9961404693071922,0.9979051049285163,False
LogisticRegression_strict,0.6849999999999999,0.9996907262043269,0.9961404693071922,0.9979124400929111,False
LogisticRegression_strict,0.69,0.9996907079841525,0.9960817692206096,0.9978829755954132,False
LogisticRegression_strict,0.695,0.9996907079841525,0.9960817692206096,0.9978829755954132,False
LogisticRegression_strict,0.7,0.9996907079841525,0.9960817692206096,0.9978829755954132,False
LogisticRegression_strict,0.705,0.9996906943176127,0.9960377441556726,0.9978608760851827,False
LogisticRegression_strict,0.71,0.9996906852059153,0.9960083941123813,0.9978461425368471,False
LogisticRegression_strict,0.715,0.9996906852059153,0.9960083941123813,0.9978461425368471,False
LogisticRegression_strict,0.72,0.9996906715373625,0.9959643690474443,0.9978240414020231,False
LogisticRegression_strict,0.725,0.9997201190230681,0.9959496940257987,0.9978313447867734,False
LogisticRegression_strict,0.73,0.9997348183505701,0.995846968874279,0.9977871064026879,False
LogisticRegression_strict,0.735,0.9997348105368613,0.9958176188309877,0.997772370036539,False
LogisticRegression_strict,0.74,0.9997347949080623,0.9957589187444051,0.9977428960041171,False
LogisticRegression_strict,0.7449999999999999,0.9997347949080623,0.9957589187444051,0.9977428960041171,False
LogisticRegression_strict,0.7499999999999999,0.999734783185254,0.9957148936794682,0.9977207893421168,False
LogisticRegression_strict,0.7549999999999999,0.999749498997996,0.9956561935928856,0.9976986478637129,False
LogisticRegression_strict,0.7599999999999999,0.9997642204538756,0.9956121685279485,0.9976838746204127,False
LogisticRegression_strict,0.7649999999999999,0.9997642169793248,0.9955974935063029,0.997676504757283,False
LogisticRegression_strict,0.7699999999999999,0.9997641996050344,0.9955241183980746,0.997639653815893,False
LogisticRegression_strict,0.7749999999999999,0.9997641891792309,0.9954800933331377,0.9976175419503802,False
LogisticRegression_strict,0.7799999999999999,0.9997641822281832,0.9954507432898464,0.9976028001647156,False
LogisticRegression_strict,0.7849999999999999,0.9997641648487707,0.995377368181618,0.9975659438034518,False
LogisticRegression_strict,0.7899999999999999,0.9997641544198935,0.9953333431166811,0.9975438286857278,False
LogisticRegression_strict,0.7949999999999999,0.9997641370363819,0.9952599680084528,0.997506967987704,False
LogisticRegression_strict,0.7999999999999999,0.9997641266050448,0.9952159429435159,0.9974848502676943,False
LogisticRegression_strict,0.8049999999999999,0.9997641092174323,0.9951425678352875,0.9974479852321451,False
LogisticRegression_strict,0.8099999999999999,0.9997640918272562,0.9950691927270593,0.9974111174852537,False
LogisticRegression_strict,0.815,0.9997640744345159,0.9949958176188309,0.997374247026721,False
LogisticRegression_strict,0.82,0.9997640639976406,0.994951792553894,0.9973521234498889,False
LogisticRegression_strict,0.825,0.9997787936882466,0.9948930924673114,0.9973299596183975,False
LogisticRegression_strict,0.83,0.9997787806388815,0.9948343923807288,0.9973004582600828,False
LogisticRegression_strict,0.835,0.9997787577987876,0.9947316672292091,0.9972488267055067,False
LogisticRegression_strict,0.84,0.9997787447451877,0.9946729671426265,0.997219320572614,False
LogisticRegression_strict,0.845,0.9997787186333663,0.9945555669694612,0.9971603030971824,False
LogisticRegression_strict,0.8499999999999999,0.9997934463476889,0.9944528418179417,0.997115992995983,False
LogisticRegression_strict,0.8549999999999999,0.9997934128202102,0.9942914165798394,0.9970348242599937,False
LogisticRegression_strict,0.8599999999999999,0.9997933975768487,0.9942180414716112,0.9969979250364223,False
LogisticRegression_strict,0.8649999999999999,0.9997933457325894,0.993968566103635,0.9968724473651289,False
LogisticRegression_strict,0.8699999999999999,0.9997933121724367,0.9938071408655328,0.9967912391998704,False
LogisticRegression_strict,0.8749999999999999,0.9997932724963823,0.9936163655841392,0.9966952489603651,False
LogisticRegression_strict,0.8799999999999999,0.9998079962190025,0.9934109152811,0.9965991902834008,False
LogisticRegression_strict,0.8849999999999999,0.9998079706933735,0.9932788400862891,0.9965327110371685,False
LogisticRegression_strict,0.8899999999999999,0.9998374248089742,0.9927652143286911,0.996288769108421,False
LogisticRegression_strict,0.8949999999999999,0.9998521584861029,0.992471713895778,0.9961482659832233,False
LogisticRegression_strict,0.8999999999999999,0.999852132252913,0.9922956136360301,0.9960595414337376,False
LogisticRegression_strict,0.9049999999999999,0.9998520819466016,0.99195808813818,0.9958894422017267,False
LogisticRegression_strict,0.9099999999999999,0.999866840267503,0.9917232877918495,0.9957784146584052,False
LogisticRegression_strict,0.9149999999999999,0.9998815604411874,0.9911069368827319,0.995474913035788,False
LogisticRegression_strict,0.9199999999999999,0.9998814937710163,0.990549286060197,0.99519351271655,False
LogisticRegression_strict,0.9249999999999999,0.9998814358123129,0.9900650103458902,0.994949010817228,False
LogisticRegression_strict,0.9299999999999999,0.9998961917190652,0.9894633344584183,0.9946524064171123,False
LogisticRegression_strict,0.9349999999999999,0.9999258083183713,0.988920358657529,0.9943926336914177,False
LogisticRegression_strict,0.94,0.9999257554384141,0.9882159576185375,0.9940363722248465,False
LogisticRegression_strict,0.945,0.9999405699343298,0.9876583067960025,0.9937614895643379,False
LogisticRegression_strict,0.95,0.99995539961941,0.9870566309085306,0.993464148825393,False
RandomForest_strict,0.05,0.9848528646586113,0.999955974935063,0.9923469573512171,False
RandomForest_strict,0.055,0.9865068334491545,0.999955974935063,0.993185876179718,False
RandomForest_strict,0.06,0.9865068334491545,0.999955974935063,0.993185876179718,False
RandomForest_strict,0.065,0.987622112067716,0.999955974935063,0.9937507747726726,False
RandomForest_strict,0.07,0.987622112067716,0.999955974935063,0.9937507747726726,False
RandomForest_strict,0.075,0.9888832450475292,0.9999412999134174,0.9943815305586364,False
RandomForest_strict,0.08,0.9888832450475292,0.9999412999134174,0.9943815305586364,False
RandomForest_strict,0.08499999999999999,0.9899606270612678,0.9999266248917718,0.9949186695090968,False
RandomForest_strict,0.09,0.9899606270612678,0.9999266248917718,0.9949186695090968,False
RandomForest_strict,0.095,0.9911702669285039,0.9999266248917718,0.9955291917479984,False
RandomForest_strict,0.09999999999999999,0.9911702669285039,0.9999266248917718,0.9955291917479984,False
RandomForest_strict,0.105,0.9923827556073406,0.9999119498701261,0.9961331257355467,False
RandomForest_strict,0.10999999999999999,0.9923827556073406,0.9999119498701261,0.9961331257355467,False
RandomForest_strict,0.11499999999999999,0.9932941673834133,0.9999119498701261,0.9965920725464384,False
RandomForest_strict,0.12,0.9932941673834133,0.9999119498701261,0.9965920725464384,False
RandomForest_strict,0.12499999999999999,0.9941347262142721,0.9999119498701261,0.9970149690522526,False
RandomForest_strict,0.13,0.9941347262142721,0.9999119498701261,0.9970149690522526,False
RandomForest_strict,0.135,0.994642648604461,0.9999119498701261,0.9972703389024274,False
RandomForest_strict,0.13999999999999999,0.994642648604461,0.9999119498701261,0.9972703389024274,False
RandomForest_strict,0.145,0.9953836264827909,0.9998972748484805,0.9976353453640323,False
RandomForest_strict,0.14999999999999997,0.9953836264827909,0.9998972748484805,0.9976353453640323,False
RandomForest_strict,0.15499999999999997,0.9958346121804709,0.9998972748484805,0.9978618083828827,False
RandomForest_strict,0.15999999999999998,0.9958346121804709,0.9998972748484805,0.9978618083828827,False
RandomForest_strict,0.16499999999999998,0.9961839315739455,0.999867924805189,0.998022528526857,False
RandomForest_strict,0.16999999999999998,0.9961839315739455,0.999867924805189,0.998022528526857,False
RandomForest_strict,0.175,0.9964607464607464,0.999867924805189,0.998161428079608,False
RandomForest_strict,0.18,0.9964607464607464,0.999867924805189,0.998161428079608,False
RandomForest_strict,0.185,0.9967084570709657,0.9998385747618977,0.9982710622710623,False
RandomForest_strict,0.19,0.9967084570709657,0.9998385747618977,0.9982710622710623,False
RandomForest_strict,0.195,0.9969563944980977,0.9998385747618977,0.9983954045558787,False
RandomForest_strict,0.19999999999999996,0.9969563944980977,0.9998385747618977,0.9983954045558787,False
RandomForest_strict,0.20499999999999996,0.9971167637502562,0.9997945496969608,0.9984538613164895,False
RandomForest_strict,0.20999999999999996,0.9971167637502562,0.9997945496969608,0.9984538613164895,False
RandomForest_strict,0.21499999999999997,0.9972773183049111,0.9997945496969608,0.9985343475648185,False
RandomForest_strict,0.21999999999999997,0.9972773183049111,0.9997945496969608,0.9985343475648185,False
RandomForest_strict,0.22499999999999998,0.9974817352600986,0.9997945496969608,0.9986368033772097,False
RandomForest_strict,0.22999999999999998,0.9974817352600986,0.9997945496969608,0.9986368033772097,False
RandomForest_strict,0.235,0.997554654210534,0.9997505246320239,0.9986513823331086,False
RandomForest_strict,0.24,0.997554654210534,0.9997505246320239,0.9986513823331086,False
RandomForest_strict,0.245,0.9976568792560592,0.9997358496103782,0.9986952824933298,False
RandomForest_strict,0.24999999999999994,0.9976568792560592,0.9997358496103782,0.9986952824933298,False
RandomForest_strict,0.25499999999999995,0.9977444490011131,0.9996918245454413,0.9987171874885463,False
RandomForest_strict,0.25999999999999995,0.9977444490011131,0.9996918245454413,0.9987171874885463,False
RandomForest_strict,0.26499999999999996,0.9978028094742856,0.9996477994805042,0.9987244523942175,False
RandomForest_strict,0.26999999999999996,0.9978028094742856,0.9996477994805042,0.9987244523942175,False
RandomForest_strict,0.27499999999999997,0.997875862473082,0.9996331244588585,0.998753720510828,False
RandomForest_strict,0.27999999999999997,0.997875862473082,0.9996331244588585,0.998753720510828,False
RandomForest_strict,0.285,0.9979489283150446,0.9996184494372129,0.998782991202346,False
RandomForest_strict,0.29,0.9979489283150446,0.9996184494372129,0.998782991202346,False
RandomForest_strict,0.295,0.99796354899203,0.9996184494372129,0.9987903137119774,False
RandomForest_strict,0.3,0.99796354899203,0.9996184494372129,0.9987903137119774,False
RandomForest_strict,0.30499999999999994,0.9979927328136904,0.9995890993939216,0.9987902782360057,False
RandomForest_strict,0.30999999999999994,0.9979927328136904,0.9995890993939216,0.9987902782360057,False
RandomForest_strict,0.31499999999999995,0.9980512249443207,0.9995890993939216,0.9988195702062452,False
RandomForest_strict,0.31999999999999995,0.9980512249443207,0.9995890993939216,0.9988195702062452,False
RandomForest_strict,0.32499999999999996,0.9981097239317742,0.9995890993939216,0.9988488638946527,False
RandomForest_strict,0.32999999999999996,0.9981097239317742,0.9995890993939216,0.9988488638946527,False
RandomForest_strict,0.33499999999999996,0.9981388396324574,0.9995157242856934,0.9988268074497727,False
RandomForest_strict,0.33999999999999997,0.9981388396324574,0.9995157242856934,0.9988268074497727,False
RandomForest_strict,0.3449999999999999,0.998168095552136,0.9995157242856934,0.9988414553667013,False
RandomForest_strict,0.3499999999999999,0.998168095552136,0.9995157242856934,0.9988414553667013,False
RandomForest_strict,0.3549999999999999,0.9982119564420865,0.9995010492640477,0.9988560869373928,False
RandomForest_strict,0.35999999999999993,0.9982119564420865,0.9995010492640477,0.9988560869373928,False
RandomForest_strict,0.36499999999999994,0.9982557969102688,0.9994716992207564,0.9988633780404638,False
RandomForest_strict,0.36999999999999994,0.9982557969102688,0.9994716992207564,0.9988633780404638,False
RandomForest_strict,0.37499999999999994,0.9982849855616306,0.9994276741558193,0.9988560030506586,False
RandomForest_strict,0.37999999999999995,0.9982849855616306,0.9994276741558193,0.9988560030506586,False
RandomForest_strict,0.38499999999999995,0.9983581083062129,0.999398324112528,0.9988779453933425,False
RandomForest_strict,0.38999999999999996,0.9983581083062129,0.999398324112528,0.9988779453933425,False
RandomForest_strict,0.39499999999999996,0.9983726487706901,0.9993396240259454,0.9988559023703356,False
RandomForest_strict,0.3999999999999999,0.9983726487706901,0.9993396240259454,0.9988559023703356,False
RandomForest_strict,0.4049999999999999,0.9984019235562333,0.9993396240259454,0.9988705537220389,False
RandomForest_strict,0.4099999999999999,0.9984019235562333,0.9993396240259454,0.9988705537220389,False
RandomForest_strict,0.4149999999999999,0.9984604557051113,0.9993249490042998,0.9988925153104258,False
RandomForest_strict,0.41999999999999993,0.9984604557051113,0.9993249490042998,0.9988925153104258,True
RandomForest_strict,0.42499999999999993,0.9984604105571847,0.9992955989610085,0.9988778301783003,False
RandomForest_strict,0.42999999999999994,0.9984604105571847,0.9992955989610085,0.9988778301783003,False
RandomForest_strict,0.43499999999999994,0.9984750285932139,0.9992809239393629,0.9988778137170771,False
RandomForest_strict,0.43999999999999995,0.9984750285932139,0.9992809239393629,0.9988778137170771,False
RandomForest_strict,0.44499999999999995,0.9984896696335616,0.9992809239393629,0.9988851400909491,False
RandomForest_strict,0.4499999999999999,0.9984896696335616,0.9992809239393629,0.9988851400909491,False
RandomForest_strict,0.4549999999999999,0.9984896696335616,0.9992809239393629,0.9988851400909491,False
RandomForest_strict,0.4599999999999999,0.9984896696335616,0.9992809239393629,0.9988851400909491,False
RandomForest_strict,0.4649999999999999,0.9984895810420424,0.9992222238527801,0.9988557681023355,False
RandomForest_strict,0.4699999999999999,0.9984895810420424,0.9992222238527801,0.9988557681023355,False
RandomForest_strict,0.4749999999999999,0.9984895588925388,0.9992075488311345,0.9988484248358822,False
RandomForest_strict,0.4799999999999999,0.9984895588925388,0.9992075488311345,0.9988484248358822,False
RandomForest_strict,0.48499999999999993,0.9985187792394444,0.9991635237661975,0.9988410474583731,False
RandomForest_strict,0.48999999999999994,0.9985187792394444,0.9991635237661975,0.9988410474583731,False
RandomForest_strict,0.49499999999999994,0.9985334232833719,0.9991635237661975,0.9988483741537018,False
RandomForest_strict,0.49999999999999994,0.9985334232833719,0.9991635237661975,0.9988483741537018,False
RandomForest_strict,0.5049999999999999,0.9985479612789674,0.9990901486579693,0.9988189813897875,False
RandomForest_strict,0.5099999999999999,0.9985479612789674,0.9990901486579693,0.9988189813897875,False
RandomForest_strict,0.5149999999999999,0.9986211550027136,0.999060798614678,0.9988409284309986,False
RandomForest_strict,0.5199999999999999,0.9986211550027136,0.999060798614678,0.9988409284309986,False
RandomForest_strict,0.5249999999999999,0.9986357635323456,0.9990314485713866,0.9988335668644956,False
RandomForest_strict,0.5299999999999999,0.9986357635323456,0.9990314485713866,0.9988335668644956,False
RandomForest_strict,0.5349999999999999,0.9986503535486899,0.9989874235064496,0.9988188600899427,False
RandomForest_strict,0.5399999999999999,0.9986503535486899,0.9989874235064496,0.9988188600899427,False
RandomForest_strict,0.5449999999999999,0.9986942488262911,0.9989433984415127,0.998818808096667,False
RandomForest_strict,0.5499999999999999,0.9986942488262911,0.9989433984415127,0.998818808096667,False
RandomForest_strict,0.5549999999999999,0.9987235353668735,0.998928723419867,0.9988261188554659,False
RandomForest_strict,0.5599999999999999,0.9987235353668735,0.998928723419867,0.9988261188554659,False
RandomForest_strict,0.565,0.9987820625697013,0.9988553483116388,0.998818704096382,False
RandomForest_strict,0.57,0.9987820625697013,0.9988553483116388,0.998818704096382,False
RandomForest_strict,0.575,0.9988112883579636,0.9987819732034104,0.9987966305655837,False
RandomForest_strict,0.58,0.9988112883579636,0.9987819732034104,0.9987966305655837,False
RandomForest_strict,0.585,0.9988259121195221,0.9987526231601191,0.998789266295375,False
RandomForest_strict,0.59,0.9988259121195221,0.9987526231601191,0.998789266295375,False
RandomForest_strict,0.595,0.9988551971115742,0.9987232731168278,0.9987892307579416,False
RandomForest_strict,0.6,0.9988551971115742,0.9987232731168278,0.9987892307579416,False
RandomForest_strict,0.605,0.9988698243090517,0.9986939230735365,0.9987818659465488,False
RandomForest_strict,0.61,0.9988698243090517,0.9986939230735365,0.9987818659465488,False
RandomForest_strict,0.615,0.9989137933565253,0.9986792480518909,0.9987965069347619,False
RandomForest_strict,0.62,0.9989137933565253,0.9986792480518909,0.9987965069347619,False
RandomForest_strict,0.625,0.9989430416911333,0.9986058729436625,0.9987744288618333,False
RandomForest_strict,0.63,0.9989430416911333,0.9986058729436625,0.9987744288618333,False
RandomForest_strict,0.635,0.9989869477764238,0.9985178228137886,0.9987523302068196,False
RandomForest_strict,0.6399999999999999,0.9989869477764238,0.9985178228137886,0.9987523302068196,False
RandomForest_strict,0.6449999999999999,0.9990602055800294,0.9984297726839148,0.9987448896457066,False
RandomForest_strict,0.6499999999999999,0.9990602055800294,0.9984297726839148,0.9987448896457066,False
RandomForest_strict,0.6549999999999999,0.9990894805633472,0.9983563975756864,0.9987228045450541,False
RandomForest_strict,0.6599999999999999,0.9990894805633472,0.9983563975756864,0.9987228045450541,False
RandomForest_strict,0.6649999999999999,0.9991480986443018,0.9982683474458125,0.9987080293042444,False
RandomForest_strict,0.6699999999999999,0.9991480986443018,0.9982683474458125,0.9987080293042444,False
RandomForest_strict,0.6749999999999999,0.9991627251094333,0.9982096473592299,0.9986859588462865,False
RandomForest_strict,0.6799999999999999,0.9991627251094333,0.9982096473592299,0.9986859588462865,False
RandomForest_strict,0.6849999999999999,0.9991919607439838,0.9980628971427733,0.9986271098091903,False
RandomForest_strict,0.69,0.9991919607439838,0.9980628971427733,0.9986271098091903,False
RandomForest_strict,0.695,0.9992065707694794,0.9979748470128993,0.9985903290700577,False
RandomForest_strict,0.7,0.9992065707694794,0.9979748470128993,0.9985903290700577,False
RandomForest_strict,0.705,0.9992358222992931,0.9978280967964428,0.9985314633967252,False
RandomForest_strict,0.71,0.9992358222992931,0.9978280967964428,0.9985314633967252,False
RandomForest_strict,0.715,0.9992798142214645,0.9977400466665688,0.9985093368384723,False
RandomForest_strict,0.72,0.9992798142214645,0.9977400466665688,0.9985093368384723,False
RandomForest_strict,0.725,0.9993237979037735,0.9976226464934036,0.9984724976132775,False
RandomForest_strict,0.73,0.9993237979037735,0.9976226464934036,0.9984724976132775,False
RandomForest_strict,0.735,0.9993825345486621,0.9975786214284666,0.9984797632249583,False
RandomForest_strict,0.74,0.9993825345486621,0.9975786214284666,0.9984797632249583,False
RandomForest_strict,0.7449999999999999,0.999441283284078,0.9975345963635296,0.9984870295837128,False
RandomForest_strict,0.7499999999999999,0.999441283284078,0.9975345963635296,0.9984870295837128,False
RandomForest_strict,0.7549999999999999,0.9995147130189261,0.99743187121201,0.9984722058996357,False
RandomForest_strict,0.7599999999999999,0.9995147130189261,0.99743187121201,0.9984722058996357,False
RandomForest_strict,0.7649999999999999,0.9995440573017017,0.9973144710388447,0.9984280194514229,False
RandomForest_strict,0.7699999999999999,0.9995440573017017,0.9973144710388447,0.9984280194514229,False
RandomForest_strict,0.7749999999999999,0.9995734227674565,0.9972264209089708,0.9983985425267766,False
RandomForest_strict,0.7799999999999999,0.9995734227674565,0.9972264209089708,0.9983985425267766,False
RandomForest_strict,0.7849999999999999,0.9996175008091329,0.997138370779097,0.9983763967763027,False
RandomForest_strict,0.7899999999999999,0.9996175008091329,0.997138370779097,0.9983763967763027,False
RandomForest_strict,0.7949999999999999,0.9996615606468606,0.996962270519349,0.9983100909611908,False
RandomForest_strict,0.7999999999999999,0.9996615606468606,0.996962270519349,0.9983100909611908,False
RandomForest_strict,0.8049999999999999,0.9997056615991405,0.9968595453678294,0.9982805749052112,False
RandomForest_strict,0.8099999999999999,0.9997056615991405,0.9968595453678294,0.9982805749052112,False
RandomForest_strict,0.815,0.9997056269410224,0.9967421451946642,0.998221686605332,False
RandomForest_strict,0.82,0.9997056269410224,0.9967421451946642,0.998221686605332,False
RandomForest_strict,0.825,0.9997497423818636,0.9966247450214989,0.9981847978658515,False
RandomForest_strict,0.83,0.9997497423818636,0.9966247450214989,0.9981847978658515,False
RandomForest_strict,0.835,0.9997497055359246,0.9964779948050423,0.9981111690907888,False
RandomForest_strict,0.84,0.9997497055359246,0.9964779948050423,0.9981111690907888,False
RandomForest_strict,0.845,0.9997791064118046,0.9963018945452945,0.998037471793251,False
RandomForest_strict,0.8499999999999999,0.9997791064118046,0.9963018945452945,0.998037471793251,False
RandomForest_strict,0.8549999999999999,0.9997938053227683,0.9961844943721292,0.9979858865039695,False
RandomForest_strict,0.8599999999999999,0.9997938053227683,0.9961844943721292,0.9979858865039695,False
RandomForest_strict,0.8649999999999999,0.9998232122337134,0.995935019004153,0.9978753280743414,False
RandomForest_strict,0.8699999999999999,0.9998232122337134,0.995935019004153,0.9978753280743414,False
RandomForest_strict,0.8749999999999999,0.9998673700963777,0.9956855436361769,0.9977720752053294,False
RandomForest_strict,0.8799999999999999,0.9998673700963777,0.9956855436361769,0.9977720752053294,False
RandomForest_strict,0.8849999999999999,0.9998673153471915,0.9952746430300985,0.997565693189089,False
RandomForest_strict,0.8899999999999999,0.9998673153471915,0.9952746430300985,0.997565693189089,False
RandomForest_strict,0.8949999999999999,0.999867258595006,0.9948490674023744,0.9973518507620786,False
RandomForest_strict,0.8999999999999999,0.999867258595006,0.9948490674023744,0.9973518507620786,False
RandomForest_strict,0.9049999999999999,0.9998819345031656,0.9942473915149025,0.9970567026239496,False
RandomForest_strict,0.9099999999999999,0.9998819345031656,0.9942473915149025,0.9970567026239496,False
RandomForest_strict,0.9149999999999999,0.9998966316691033,0.9936750656707218,0.9967761404955028,False
RandomForest_strict,0.9199999999999999,0.9998966316691033,0.9936750656707218,0.9967761404955028,False
RandomForest_strict,0.9249999999999999,0.9998965323558104,0.9927211892637542,0.9962959417365627,False
RandomForest_strict,0.9299999999999999,0.9998965323558104,0.9927211892637542,0.9962959417365627,False
RandomForest_strict,0.9349999999999999,0.9999408108907961,0.9916792627269125,0.9957929017189423,False
RandomForest_strict,0.94,0.9999408108907961,0.9916792627269125,0.9957929017189423,False
RandomForest_strict,0.945,0.9999407451299903,0.9905786361034883,0.9952376739797122,False
RandomForest_strict,0.95,0.9999407451299903,0.9905786361034883,0.9952376739797122,False
DecisionTree_strict,0.05,0.997700880108952,0.9998092247186064,0.998753939749322,False
DecisionTree_strict,0.055,0.997700880108952,0.9998092247186064,0.998753939749322,False
DecisionTree_strict,0.06,0.997700880108952,0.9998092247186064,0.998753939749322,False
DecisionTree_strict,0.065,0.997700880108952,0.9998092247186064,0.998753939749322,False
DecisionTree_strict,0.07,0.997700880108952,0.9998092247186064,0.998753939749322,False
DecisionTree_strict,0.075,0.997700880108952,0.9998092247186064,0.998753939749322,False
DecisionTree_strict,0.08,0.9977446802278752,0.9997945496969608,0.998768563177107,False
DecisionTree_strict,0.08499999999999999,0.9977446802278752,0.9997945496969608,0.998768563177107,False
DecisionTree_strict,0.09,0.9977446802278752,0.9997945496969608,0.998768563177107,False
DecisionTree_strict,0.095,0.9977446802278752,0.9997945496969608,0.998768563177107,False
DecisionTree_strict,0.09999999999999999,0.9977446802278752,0.9997945496969608,0.998768563177107,False
DecisionTree_strict,0.105,0.9977446802278752,0.9997945496969608,0.998768563177107,False
DecisionTree_strict,0.10999999999999999,0.9977446802278752,0.9997945496969608,0.998768563177107,False
DecisionTree_strict,0.11499999999999999,0.9977446802278752,0.9997945496969608,0.998768563177107,False
DecisionTree_strict,0.12,0.9977739048930157,0.9997945496969608,0.9987832053011201,False
DecisionTree_strict,0.12499999999999999,0.9977739048930157,0.9997945496969608,0.9987832053011201,False
DecisionTree_strict,0.13,0.9979051916090472,0.9996771495237955,0.9987903846576789,False
DecisionTree_strict,0.135,0.9982411655209814,0.9994716992207564,0.9988560533841754,False
DecisionTree_strict,0.13999999999999999,0.9982411655209814,0.9994716992207564,0.9988560533841754,False
DecisionTree_strict,0.145,0.9982411655209814,0.9994716992207564,0.9988560533841754,True
DecisionTree_strict,0.14999999999999997,0.9982410881801126,0.9994276741558193,0.9988340287606239,False
DecisionTree_strict,0.15499999999999997,0.9982410881801126,0.9994276741558193,0.9988340287606239,False
DecisionTree_strict,0.15999999999999998,0.9982410881801126,0.9994276741558193,0.9988340287606239,False
DecisionTree_strict,0.16499999999999998,0.9982410881801126,0.9994276741558193,0.9988340287606239,False
DecisionTree_strict,0.16999999999999998,0.9983282496480526,0.9990461235930324,0.9986870576154325,False
DecisionTree_strict,0.175,0.9984596200396098,0.9987819732034104,0.9986207706077412,False
DecisionTree_strict,0.18,0.9984596200396098,0.9987819732034104,0.9986207706077412,False
DecisionTree_strict,0.185,0.9984596200396098,0.9987819732034104,0.9986207706077412,False
DecisionTree_strict,0.19,0.9984596200396098,0.9987819732034104,0.9986207706077412,False
DecisionTree_strict,0.195,0.9984596200396098,0.9987819732034104,0.9986207706077412,False
DecisionTree_strict,0.19999999999999996,0.9984596200396098,0.9987819732034104,0.9986207706077412,False
DecisionTree_strict,0.20499999999999996,0.9984596200396098,0.9987819732034104,0.9986207706077412,False
DecisionTree_strict,0.20999999999999996,0.9984596200396098,0.9987819732034104,0.9986207706077412,False
DecisionTree_strict,0.21499999999999997,0.9984596200396098,0.9987819732034104,0.9986207706077412,False
DecisionTree_strict,0.21999999999999997,0.9984596200396098,0.9987819732034104,0.9986207706077412,False
DecisionTree_strict,0.22499999999999998,0.9984596200396098,0.9987819732034104,0.9986207706077412,False
DecisionTree_strict,0.22999999999999998,0.9989279525361999,0.9982096473592299,0.9985686707722572,False
DecisionTree_strict,0.235,0.9989279525361999,0.9982096473592299,0.9985686707722572,False
DecisionTree_strict,0.24,0.9989279525361999,0.9982096473592299,0.9985686707722572,False
DecisionTree_strict,0.245,0.9989279525361999,0.9982096473592299,0.9985686707722572,False
DecisionTree_strict,0.24999999999999994,0.9989279525361999,0.9982096473592299,0.9985686707722572,False
DecisionTree_strict,0.25499999999999995,0.9989279525361999,0.9982096473592299,0.9985686707722572,False
DecisionTree_strict,0.25999999999999995,0.9989279525361999,0.9982096473592299,0.9985686707722572,False
DecisionTree_strict,0.26499999999999996,0.9989279525361999,0.9982096473592299,0.9985686707722572,False
DecisionTree_strict,0.26999999999999996,0.9990304810870364,0.998033547099482,0.9985317652586295,False
DecisionTree_strict,0.27499999999999997,0.9990304810870364,0.998033547099482,0.9985317652586295,False
DecisionTree_strict,0.27999999999999997,0.9990304810870364,0.998033547099482,0.9985317652586295,False
DecisionTree_strict,0.285,0.9990304810870364,0.998033547099482,0.9985317652586295,False
DecisionTree_strict,0.29,0.9990304810870364,0.998033547099482,0.9985317652586295,False
DecisionTree_strict,0.295,0.9990304810870364,0.998033547099482,0.9985317652586295,False
DecisionTree_strict,0.3,0.9990304810870364,0.998033547099482,0.9985317652586295,False
DecisionTree_strict,0.30499999999999994,0.9990304810870364,0.998033547099482,0.9985317652586295,False
DecisionTree_strict,0.30999999999999994,0.9990304810870364,0.998033547099482,0.9985317652586295,False
DecisionTree_strict,0.31499999999999995,0.9990304810870364,0.998033547099482,0.9985317652586295,False
DecisionTree_strict,0.31999999999999995,0.9990304810870364,0.998033547099482,0.9985317652586295,False
DecisionTree_strict,0.32499999999999996,0.9990304810870364,0.998033547099482,0.9985317652586295,False
DecisionTree_strict,0.32999999999999996,0.9990304810870364,0.998033547099482,0.9985317652586295,False
DecisionTree_strict,0.33499999999999996,0.9990304810870364,0.998033547099482,0.9985317652586295,False
DecisionTree_strict,0.33999999999999997,0.9990304810870364,0.998033547099482,0.9985317652586295,False
DecisionTree_strict,0.3449999999999999,0.9990304810870364,0.998033547099482,0.9985317652586295,False
DecisionTree_strict,0.3499999999999999,0.9990304810870364,0.998033547099482,0.9985317652586295,False
DecisionTree_strict,0.3549999999999999,0.9990304810870364,0.998033547099482,0.9985317652586295,False
DecisionTree_strict,0.35999999999999993,0.9990304810870364,0.998033547099482,0.9985317652586295,False
DecisionTree_strict,0.36499999999999994,0.9990304810870364,0.998033547099482,0.9985317652586295,False
DecisionTree_strict,0.36999999999999994,0.9990304810870364,0.998033547099482,0.9985317652586295,False
DecisionTree_strict,0.37499999999999994,0.9990304810870364,0.998033547099482,0.9985317652586295,False
DecisionTree_strict,0.37999999999999995,0.9990304810870364,0.998033547099482,0.9985317652586295,False
DecisionTree_strict,0.38499999999999995,0.9990304810870364,0.998033547099482,0.9985317652586295,False
DecisionTree_strict,0.38999999999999996,0.9990304810870364,0.998033547099482,0.9985317652586295,False
DecisionTree_strict,0.39499999999999996,0.9990304810870364,0.998033547099482,0.9985317652586295,False
DecisionTree_strict,0.3999999999999999,0.9990304810870364,0.998033547099482,0.9985317652586295,False
DecisionTree_strict,0.4049999999999999,0.9990304810870364,0.998033547099482,0.9985317652586295,False
DecisionTree_strict,0.4099999999999999,0.9990304810870364,0.998033547099482,0.9985317652586295,False
DecisionTree_strict,0.4149999999999999,0.9990304810870364,0.998033547099482,0.9985317652586295,False
DecisionTree_strict,0.41999999999999993,0.9990304810870364,0.998033547099482,0.9985317652586295,False
DecisionTree_strict,0.42499999999999993,0.9990304810870364,0.998033547099482,0.9985317652586295,False
DecisionTree_strict,0.42999999999999994,0.9990304810870364,0.998033547099482,0.9985317652586295,False
DecisionTree_strict,0.43499999999999994,0.9990304810870364,0.998033547099482,0.9985317652586295,False
DecisionTree_strict,0.43999999999999995,0.9992356425747085,0.9975932964501123,0.9984137941163511,False
DecisionTree_strict,0.44499999999999995,0.9992356425747085,0.9975932964501123,0.9984137941163511,False
DecisionTree_strict,0.4499999999999999,0.9992356425747085,0.9975932964501123,0.9984137941163511,False
DecisionTree_strict,0.4549999999999999,0.9992356425747085,0.9975932964501123,0.9984137941163511,False
DecisionTree_strict,0.4599999999999999,0.9992356425747085,0.9975932964501123,0.9984137941163511,False
DecisionTree_strict,0.4649999999999999,0.9992356425747085,0.9975932964501123,0.9984137941163511,False
DecisionTree_strict,0.4699999999999999,0.9992356425747085,0.9975932964501123,0.9984137941163511,False
DecisionTree_strict,0.4749999999999999,0.9992356425747085,0.9975932964501123,0.9984137941163511,False
DecisionTree_strict,0.4799999999999999,0.9992356425747085,0.9975932964501123,0.9984137941163511,False
DecisionTree_strict,0.48499999999999993,0.9992356425747085,0.9975932964501123,0.9984137941163511,False
DecisionTree_strict,0.48999999999999994,0.9992356425747085,0.9975932964501123,0.9984137941163511,False
DecisionTree_strict,0.49499999999999994,0.9992356425747085,0.9975932964501123,0.9984137941163511,False
DecisionTree_strict,0.49999999999999994,0.9992356425747085,0.9975932964501123,0.9984137941163511,False
DecisionTree_strict,0.5049999999999999,0.9992356425747085,0.9975932964501123,0.9984137941163511,False
DecisionTree_strict,0.5099999999999999,0.9992356425747085,0.9975932964501123,0.9984137941163511,False
DecisionTree_strict,0.5149999999999999,0.9992356425747085,0.9975932964501123,0.9984137941163511,False
DecisionTree_strict,0.5199999999999999,0.9992356425747085,0.9975932964501123,0.9984137941163511,False
DecisionTree_strict,0.5249999999999999,0.9992356425747085,0.9975932964501123,0.9984137941163511,False
DecisionTree_strict,0.5299999999999999,0.9993529411764706,0.9972557709522621,0.9983032546660496,False
DecisionTree_strict,0.5349999999999999,0.9993529411764706,0.9972557709522621,0.9983032546660496,False
DecisionTree_strict,0.5399999999999999,0.9993529411764706,0.9972557709522621,0.9983032546660496,False
DecisionTree_strict,0.5449999999999999,0.9993529411764706,0.9972557709522621,0.9983032546660496,False
DecisionTree_strict,0.5499999999999999,0.9993529411764706,0.9972557709522621,0.9983032546660496,False
DecisionTree_strict,0.5549999999999999,0.9993529411764706,0.9972557709522621,0.9983032546660496,False
DecisionTree_strict,0.5599999999999999,0.9993529411764706,0.9972557709522621,0.9983032546660496,False
DecisionTree_strict,0.565,0.9993529411764706,0.9972557709522621,0.9983032546660496,False
DecisionTree_strict,0.57,0.9993529411764706,0.9972557709522621,0.9983032546660496,False
DecisionTree_strict,0.575,0.9993529411764706,0.9972557709522621,0.9983032546660496,False
DecisionTree_strict,0.58,0.9993529411764706,0.9972557709522621,0.9983032546660496,False
DecisionTree_strict,0.585,0.9993529411764706,0.9972557709522621,0.9983032546660496,False
DecisionTree_strict,0.59,0.9993529411764706,0.9972557709522621,0.9983032546660496,False
DecisionTree_strict,0.595,0.9993529411764706,0.9972557709522621,0.9983032546660496,False
DecisionTree_strict,0.6,0.9993529411764706,0.9972557709522621,0.9983032546660496,False
DecisionTree_strict,0.605,0.9993529411764706,0.9972557709522621,0.9983032546660496,False
DecisionTree_strict,0.61,0.9993529411764706,0.9972557709522621,0.9983032546660496,False
DecisionTree_strict,0.615,0.999367544749886,0.9971090207358055,0.998237005259601,False
DecisionTree_strict,0.62,0.999367544749886,0.9971090207358055,0.998237005259601,False
DecisionTree_strict,0.625,0.999367544749886,0.9971090207358055,0.998237005259601,False
DecisionTree_strict,0.63,0.999367544749886,0.9971090207358055,0.998237005259601,False
DecisionTree_strict,0.635,0.999367544749886,0.9971090207358055,0.998237005259601,False
DecisionTree_strict,0.6399999999999999,0.999367544749886,0.9971090207358055,0.998237005259601,False
DecisionTree_strict,0.6449999999999999,0.999367544749886,0.9971090207358055,0.998237005259601,False
DecisionTree_strict,0.6499999999999999,0.9993675261447041,0.9970796706925142,0.998222287519283,False
DecisionTree_strict,0.6549999999999999,0.9993675261447041,0.9970796706925142,0.998222287519283,False
DecisionTree_strict,0.6599999999999999,0.9993675261447041,0.9970796706925142,0.998222287519283,False
DecisionTree_strict,0.6649999999999999,0.9993675261447041,0.9970796706925142,0.998222287519283,False
DecisionTree_strict,0.6699999999999999,0.9993675261447041,0.9970796706925142,0.998222287519283,False
DecisionTree_strict,0.6749999999999999,0.9993675261447041,0.9970796706925142,0.998222287519283,False
DecisionTree_strict,0.6799999999999999,0.9993675261447041,0.9970796706925142,0.998222287519283,False
DecisionTree_strict,0.6849999999999999,0.9993675261447041,0.9970796706925142,0.998222287519283,False
DecisionTree_strict,0.69,0.9993675261447041,0.9970796706925142,0.998222287519283,False
DecisionTree_strict,0.695,0.9993675261447041,0.9970796706925142,0.998222287519283,False
DecisionTree_strict,0.7,0.9993675261447041,0.9970796706925142,0.998222287519283,False
DecisionTree_strict,0.705,0.9993675261447041,0.9970796706925142,0.998222287519283,False
DecisionTree_strict,0.71,0.9993675261447041,0.9970796706925142,0.998222287519283,False
DecisionTree_strict,0.715,0.9993675261447041,0.9970796706925142,0.998222287519283,False
DecisionTree_strict,0.72,0.9993675261447041,0.9970796706925142,0.998222287519283,False
DecisionTree_strict,0.725,0.9993675261447041,0.9970796706925142,0.998222287519283,False
DecisionTree_strict,0.73,0.9993675261447041,0.9970796706925142,0.998222287519283,False
DecisionTree_strict,0.735,0.9993968548185416,0.996962270519349,0.9981780781663239,False
DecisionTree_strict,0.74,0.9993968548185416,0.996962270519349,0.9981780781663239,False
DecisionTree_strict,0.7449999999999999,0.9993968548185416,0.996962270519349,0.9981780781663239,False
DecisionTree_strict,0.7499999999999999,0.9993968548185416,0.996962270519349,0.9981780781663239,False
DecisionTree_strict,0.7549999999999999,0.9993968548185416,0.996962270519349,0.9981780781663239,False
DecisionTree_strict,0.7599999999999999,0.9993968548185416,0.996962270519349,0.9981780781663239,False
DecisionTree_strict,0.7649999999999999,0.9993968548185416,0.996962270519349,0.9981780781663239,False
DecisionTree_strict,0.7699999999999999,0.9993968548185416,0.996962270519349,0.9981780781663239,False
DecisionTree_strict,0.7749999999999999,0.9994115570201247,0.996962270519349,0.9981854112945291,False
DecisionTree_strict,0.7799999999999999,0.9994115570201247,0.996962270519349,0.9981854112945291,False
DecisionTree_strict,0.7849999999999999,0.9994115570201247,0.996962270519349,0.9981854112945291,False
DecisionTree_strict,0.7899999999999999,0.9994114704411029,0.9968155203028924,0.9981118074484421,False
DecisionTree_strict,0.7949999999999999,0.9994114704411029,0.9968155203028924,0.9981118074484421,False
DecisionTree_strict,0.7999999999999999,0.9994114704411029,0.9968155203028924,0.9981118074484421,False
DecisionTree_strict,0.8049999999999999,0.9994114704411029,0.9968155203028924,0.9981118074484421,False
DecisionTree_strict,0.8099999999999999,0.9994114704411029,0.9968155203028924,0.9981118074484421,False
DecisionTree_strict,0.815,0.9994114704411029,0.9968155203028924,0.9981118074484421,False
DecisionTree_strict,0.82,0.9994114704411029,0.9968155203028924,0.9981118074484421,False
DecisionTree_strict,0.825,0.9994114704411029,0.9968155203028924,0.9981118074484421,False
DecisionTree_strict,0.83,0.9994114704411029,0.9968155203028924,0.9981118074484421,False
DecisionTree_strict,0.835,0.9994114704411029,0.9968155203028924,0.9981118074484421,False
DecisionTree_strict,0.84,0.9994114704411029,0.9968155203028924,0.9981118074484421,False
DecisionTree_strict,0.845,0.9994114704411029,0.9968155203028924,0.9981118074484421,False
DecisionTree_strict,0.8499999999999999,0.9994114704411029,0.9968155203028924,0.9981118074484421,False
DecisionTree_strict,0.8549999999999999,0.9994114704411029,0.9968155203028924,0.9981118074484421,False
DecisionTree_strict,0.8599999999999999,0.9994114704411029,0.9968155203028924,0.9981118074484421,False
DecisionTree_strict,0.8649999999999999,0.9994114704411029,0.9968155203028924,0.9981118074484421,False
DecisionTree_strict,0.8699999999999999,0.9994114704411029,0.9968155203028924,0.9981118074484421,False
DecisionTree_strict,0.8749999999999999,0.9994114704411029,0.9968155203028924,0.9981118074484421,False
DecisionTree_strict,0.8799999999999999,0.9994114704411029,0.9968155203028924,0.9981118074484421,False
DecisionTree_strict,0.8849999999999999,0.9994114704411029,0.9968155203028924,0.9981118074484421,False
DecisionTree_strict,0.8899999999999999,0.9994114704411029,0.9968155203028924,0.9981118074484421,False
DecisionTree_strict,0.8949999999999999,0.9994114704411029,0.9968155203028924,0.9981118074484421,False
DecisionTree_strict,0.8999999999999999,0.9994114704411029,0.9968155203028924,0.9981118074484421,False
DecisionTree_strict,0.9049999999999999,0.9994114704411029,0.9968155203028924,0.9981118074484421,False
DecisionTree_strict,0.9099999999999999,0.9994114704411029,0.9968155203028924,0.9981118074484421,False
DecisionTree_strict,0.9149999999999999,0.9994114704411029,0.9968155203028924,0.9981118074484421,False
DecisionTree_strict,0.9199999999999999,0.9994114704411029,0.9968155203028924,0.9981118074484421,False
DecisionTree_strict,0.9249999999999999,0.9994114704411029,0.9968155203028924,0.9981118074484421,False
DecisionTree_strict,0.9299999999999999,0.9994114704411029,0.9968155203028924,0.9981118074484421,False
DecisionTree_strict,0.9349999999999999,0.9994114704411029,0.9968155203028924,0.9981118074484421,False
DecisionTree_strict,0.94,0.9994114704411029,0.9968155203028924,0.9981118074484421,False
DecisionTree_strict,0.945,0.9994114704411029,0.9968155203028924,0.9981118074484421,False
DecisionTree_strict,0.95,0.9994114704411029,0.9968155203028924,0.9981118074484421,False
GradientBoosting_strict,0.05,0.9951514443438385,0.9999853249783544,0.9975625288214498,False
GradientBoosting_strict,0.055,0.995660305678132,0.9999706499567087,0.99781082288166,False
GradientBoosting_strict,0.06,0.9961406329946642,0.9999706499567087,0.9980519670738495,False
GradientBoosting_strict,0.065,0.9963008451033717,0.9999706499567087,0.9981323743747116,False
GradientBoosting_strict,0.07,0.9963736858266681,0.9999706499567087,0.998168927430932,False
GradientBoosting_strict,0.075,0.9965776965265082,0.9999706499567087,0.9982712902327898,False
GradientBoosting_strict,0.08,0.996606847732292,0.9999706499567087,0.9982859152040786,False
GradientBoosting_strict,0.08499999999999999,0.9966505777387743,0.9999706499567087,0.9983078534645052,False
GradientBoosting_strict,0.09,0.9966651552604251,0.9999706499567087,0.998315166432255,False
GradientBoosting_strict,0.095,0.996708890384109,0.9999706499567087,0.9983371059783605,False
GradientBoosting_strict,0.09999999999999999,0.996708890384109,0.9999706499567087,0.9983371059783605,False
GradientBoosting_strict,0.105,0.996708890384109,0.9999706499567087,0.9983371059783605,False
GradientBoosting_strict,0.10999999999999999,0.9968109539343759,0.9999706499567087,0.9983883020029011,False
GradientBoosting_strict,0.11499999999999999,0.9968547018549945,0.9999706499567087,0.9984102447636979,False
GradientBoosting_strict,0.12,0.9969422092172641,0.9999706499567087,0.9984541331789909,False
GradientBoosting_strict,0.12499999999999999,0.9970005559944985,0.9999706499567087,0.9984833942662046,False
GradientBoosting_strict,0.13,0.9970151437559441,0.9999706499567087,0.9984907098059903,False
GradientBoosting_strict,0.135,0.9970151437559441,0.9999706499567087,0.9984907098059903,False
GradientBoosting_strict,0.13999999999999999,0.997073499070836,0.9999706499567087,0.9985199730371326,False
GradientBoosting_strict,0.145,0.9971026792900101,0.9999706499567087,0.9985346052959364,False
GradientBoosting_strict,0.14999999999999997,0.9971026792900101,0.9999706499567087,0.9985346052959364,False
GradientBoosting_strict,0.15499999999999997,0.9971172700400949,0.9999706499567087,0.9985419215861548,False
GradientBoosting_strict,0.15999999999999998,0.9971172700400949,0.9999706499567087,0.9985419215861548,False
GradientBoosting_strict,0.16499999999999998,0.997131861217203,0.9999706499567087,0.9985492379835873,False
GradientBoosting_strict,0.16999999999999998,0.997131861217203,0.9999706499567087,0.9985492379835873,False
GradientBoosting_strict,0.175,0.997131861217203,0.9999706499567087,0.9985492379835873,False
GradientBoosting_strict,0.18,0.9971610448525646,0.9999706499567087,0.998563871100104,False
GradientBoosting_strict,0.185,0.9971610448525646,0.9999706499567087,0.998563871100104,False
GradientBoosting_strict,0.19,0.9971902301962449,0.9999706499567087,0.9985785046455055,False
GradientBoosting_strict,0.195,0.9971902301962449,0.9999706499567087,0.9985785046455055,False
GradientBoosting_strict,0.19999999999999996,0.9971901068344797,0.9999266248917718,0.9985564910275293,False
GradientBoosting_strict,0.20499999999999996,0.9972047007859035,0.9999266248917718,0.9985638079606073,False
GradientBoosting_strict,0.20999999999999996,0.9972192951645007,0.9999266248917718,0.9985711250009159,False
GradientBoosting_strict,0.21499999999999997,0.9972192951645007,0.9999266248917718,0.9985711250009159,False
GradientBoosting_strict,0.21999999999999997,0.9972192951645007,0.9999266248917718,0.9985711250009159,False
GradientBoosting_strict,0.22499999999999998,0.9972192951645007,0.9999266248917718,0.9985711250009159,False
GradientBoosting_strict,0.22999999999999998,0.9972192544674873,0.9999119498701261,0.9985637869128746,False
GradientBoosting_strict,0.235,0.9974089851126433,0.9998972748484805,0.9986515799964824,False
GradientBoosting_strict,0.24,0.997598793540169,0.9998825998268347,0.9987393910965832,False
GradientBoosting_strict,0.245,0.997598793540169,0.9998825998268347,0.9987393910965832,False
GradientBoosting_strict,0.24999999999999994,0.997598793540169,0.9998825998268347,0.9987393910965832,False
GradientBoosting_strict,0.25499999999999995,0.997598793540169,0.9998825998268347,0.9987393910965832,False
GradientBoosting_strict,0.25999999999999995,0.997598793540169,0.9998825998268347,0.9987393910965832,False
GradientBoosting_strict,0.26499999999999996,0.997598793540169,0.9998825998268347,0.9987393910965832,False
GradientBoosting_strict,0.26999999999999996,0.9976280070866949,0.9998825998268347,0.9987540310759309,False
GradientBoosting_strict,0.27499999999999997,0.9976280070866949,0.9998825998268347,0.9987540310759309,False
GradientBoosting_strict,0.27999999999999997,0.9976280070866949,0.9998825998268347,0.9987540310759309,False
GradientBoosting_strict,0.285,0.9976280070866949,0.9998825998268347,0.9987540310759309,False
GradientBoosting_strict,0.29,0.9976280070866949,0.9998825998268347,0.9987540310759309,False
GradientBoosting_strict,0.295,0.9976280070866949,0.9998825998268347,0.9987540310759309,False
GradientBoosting_strict,0.3,0.997627937623545,0.9998532497835434,0.9987393541388763,False
GradientBoosting_strict,0.30499999999999994,0.9976571537346434,0.9998532497835434,0.9987539945468937,False
GradientBoosting_strict,0.30999999999999994,0.99767176243191,0.9998532497835434,0.9987613149118628,False
GradientBoosting_strict,0.31499999999999995,0.99767176243191,0.9998532497835434,0.9987613149118628,False
GradientBoosting_strict,0.31999999999999995,0.9976863715570133,0.9998532497835434,0.9987686353841417,False
GradientBoosting_strict,0.32499999999999996,0.9976863715570133,0.9998532497835434,0.9987686353841417,False
GradientBoosting_strict,0.32999999999999996,0.9976863715570133,0.9998532497835434,0.9987686353841417,False
GradientBoosting_strict,0.33499999999999996,0.9976863715570133,0.9998532497835434,0.9987686353841417,False
GradientBoosting_strict,0.33999999999999997,0.9976863715570133,0.9998532497835434,0.9987686353841417,False
GradientBoosting_strict,0.3449999999999999,0.9977009474439514,0.9998385747618977,0.998768617333177,False
GradientBoosting_strict,0.3499999999999999,0.9977009474439514,0.9998385747618977,0.998768617333177,False
GradientBoosting_strict,0.3549999999999999,0.997715557638238,0.9998385747618977,0.9987759380199515,False
GradientBoosting_strict,0.35999999999999993,0.997715557638238,0.9998385747618977,0.9987759380199515,False
GradientBoosting_strict,0.36499999999999994,0.9977301682604303,0.9998385747618977,0.9987832588140438,False
GradientBoosting_strict,0.36999999999999994,0.9977301682604303,0.9998385747618977,0.9987832588140438,False
GradientBoosting_strict,0.37499999999999994,0.9977301682604303,0.9998385747618977,0.9987832588140438,False
GradientBoosting_strict,0.37999999999999995,0.9977301682604303,0.9998385747618977,0.9987832588140438,False
GradientBoosting_strict,0.38499999999999995,0.9977301682604303,0.9998385747618977,0.9987832588140438,False
GradientBoosting_strict,0.38999999999999996,0.9977301682604303,0.9998385747618977,0.9987832588140438,False
GradientBoosting_strict,0.39499999999999996,0.9977301682604303,0.9998385747618977,0.9987832588140438,False
GradientBoosting_strict,0.3999999999999999,0.9977301682604303,0.9998385747618977,0.9987832588140438,False
GradientBoosting_strict,0.4049999999999999,0.9977301682604303,0.9998385747618977,0.9987832588140438,False
GradientBoosting_strict,0.4099999999999999,0.9977447132563998,0.9998092247186064,0.9987759021308099,False
GradientBoosting_strict,0.4149999999999999,0.9977447132563998,0.9998092247186064,0.9987759021308099,False
GradientBoosting_strict,0.41999999999999993,0.9977447132563998,0.9998092247186064,0.9987759021308099,False
GradientBoosting_strict,0.42499999999999993,0.9977447132563998,0.9998092247186064,0.9987759021308099,False
GradientBoosting_strict,0.42999999999999994,0.9977447132563998,0.9998092247186064,0.9987759021308099,False
GradientBoosting_strict,0.43499999999999994,0.9977592595304696,0.9997798746753151,0.9987685451240251,False
GradientBoosting_strict,0.43999999999999995,0.9977884854786977,0.9997798746753151,0.9987831874624328,False
GradientBoosting_strict,0.44499999999999995,0.9977884854786977,0.9997798746753151,0.9987831874624328,False
GradientBoosting_strict,0.4499999999999999,0.9977884854786977,0.9997798746753151,0.9987831874624328,False
GradientBoosting_strict,0.4549999999999999,0.9977884854786977,0.9997798746753151,0.9987831874624328,False
GradientBoosting_strict,0.4599999999999999,0.9978030669185817,0.9997651996536695,0.9987831696232224,False
GradientBoosting_strict,0.4649999999999999,0.9978176811764017,0.9997651996536695,0.9987904910606293,False
GradientBoosting_strict,0.4699999999999999,0.9978176811764017,0.9997651996536695,0.9987904910606293,False
GradientBoosting_strict,0.4749999999999999,0.9978176811764017,0.9997651996536695,0.9987904910606293,False
GradientBoosting_strict,0.4799999999999999,0.9978322958623215,0.9997651996536695,0.9987978126053747,False
GradientBoosting_strict,0.48499999999999993,0.9978469109763599,0.9997651996536695,0.9988051342574605,False
GradientBoosting_strict,0.48999999999999994,0.9978469109763599,0.9997651996536695,0.9988051342574605,False
GradientBoosting_strict,0.49499999999999994,0.9978468794398957,0.9997505246320239,0.9987977949800609,False
GradientBoosting_strict,0.49999999999999994,0.9978468794398957,0.9997505246320239,0.9987977949800609,False
GradientBoosting_strict,0.5049999999999999,0.9979491085946999,0.9997064995670869,0.9988270310690146,True
GradientBoosting_strict,0.5099999999999999,0.9979782293391154,0.9996477994805042,0.9988123167155425,False
GradientBoosting_strict,0.5149999999999999,0.997978199718706,0.9996331244588585,0.9988049765760746,False
GradientBoosting_strict,0.5199999999999999,0.9979781404752835,0.9996037744155672,0.9987902959742516,False
GradientBoosting_strict,0.5249999999999999,0.997992762222906,0.9996037744155672,0.9987976186984956,False
GradientBoosting_strict,0.5299999999999999,0.998007326007326,0.999574424372276,0.9987902604972396,False
GradientBoosting_strict,0.5349999999999999,0.998051082162273,0.9995157242856934,0.9987828662765973,False
GradientBoosting_strict,0.5399999999999999,0.9981825909803749,0.999442349177465,0.9988120728595313,False
GradientBoosting_strict,0.5449999999999999,0.9982700991027972,0.9992809239393629,0.9987752557661985,False
GradientBoosting_strict,0.5499999999999999,0.9982700991027972,0.9992809239393629,0.9987752557661985,False
GradientBoosting_strict,0.5549999999999999,0.9982700991027972,0.9992809239393629,0.9987752557661985,False
GradientBoosting_strict,0.5599999999999999,0.9983283967271768,0.9991341737229062,0.9987311226997014,False
GradientBoosting_strict,0.565,0.9985915699593609,0.9988553483116388,0.9987234417185116,False
GradientBoosting_strict,0.57,0.9985915286315821,0.9988259982683474,0.9987087496881923,False
GradientBoosting_strict,0.575,0.9986208110804625,0.9988113232467017,0.9987160580781957,False
GradientBoosting_strict,0.58,0.9986940572267058,0.9987966482250561,0.9987453500913474,False
GradientBoosting_strict,0.585,0.9986940380636546,0.9987819732034104,0.9987380036979426,False
GradientBoosting_strict,0.59,0.9987086359967716,0.9987379481384735,0.9987232918525476,False
GradientBoosting_strict,0.595,0.998796418611478,0.9986058729436625,0.9987011366888525,False
GradientBoosting_strict,0.6,0.9987963832785345,0.9985765229003712,0.9986864409889118,False
GradientBoosting_strict,0.605,0.9988256708355352,0.99854717285708,0.9986864024305224,False
GradientBoosting_strict,0.61,0.9988256363582984,0.9985178228137886,0.998671705867244,False
GradientBoosting_strict,0.615,0.998825567397751,0.998459122727206,0.9986423114464154,False
GradientBoosting_strict,0.62,0.9988255156720253,0.9984150976622691,0.9986202644982313,False
GradientBoosting_strict,0.625,0.998825463941743,0.998371072597332,0.9985982165792081,False
GradientBoosting_strict,0.63,0.998840111584202,0.9983563975756864,0.9985981960030238,False
GradientBoosting_strict,0.635,0.998840111584202,0.9983563975756864,0.9985981960030238,False
GradientBoosting_strict,0.6399999999999999,0.998840111584202,0.9983563975756864,0.9985981960030238,False
GradientBoosting_strict,0.6449999999999999,0.998869442649909,0.9983563975756864,0.9986128542175837,False
GradientBoosting_strict,0.6499999999999999,0.998869442649909,0.9983563975756864,0.9986128542175837,False
GradientBoosting_strict,0.6549999999999999,0.9989280312486233,0.9982830224674581,0.9986054227037184,False
GradientBoosting_strict,0.6599999999999999,0.9990599847247518,0.9981949723375843,0.9986272912124615,False
GradientBoosting_strict,0.6649999999999999,0.999118554429264,0.9980482221211276,0.9985831014660862,False
GradientBoosting_strict,0.6699999999999999,0.9991625159783136,0.9979601719912536,0.9985609820563273,False
GradientBoosting_strict,0.6749999999999999,0.9992064658339457,0.9978427718180884,0.998524153223734,False
GradientBoosting_strict,0.6799999999999999,0.9992358110689827,0.9978134217747971,0.9985241098767155,False
GradientBoosting_strict,0.6849999999999999,0.9992650733456802,0.9976666715583405,0.9984652327485551,False
GradientBoosting_strict,0.69,0.9993530363181885,0.9974025211687187,0.9983768260706705,False
GradientBoosting_strict,0.695,0.999352998264859,0.9973438210821362,0.9983473988057202,False
GradientBoosting_strict,0.7,0.9994263777964082,0.9971677208223882,0.9982957717509476,False
GradientBoosting_strict,0.705,0.9994410367297707,0.9970943457141599,0.9982663120932077,False
GradientBoosting_strict,0.71,0.9994410367297707,0.9970943457141599,0.9982663120932077,False
GradientBoosting_strict,0.715,0.9994557302775775,0.9970796706925142,0.998266286621022,False
GradientBoosting_strict,0.72,0.9994557142646994,0.9970503206492229,0.9982515684459529,False
GradientBoosting_strict,0.725,0.9994556902436154,0.997006295584286,0.9982294903723947,False
GradientBoosting_strict,0.73,0.9994556902436154,0.997006295584286,0.9982294903723947,False
GradientBoosting_strict,0.735,0.9994556902436154,0.997006295584286,0.9982294903723947,False
GradientBoosting_strict,0.74,0.9994556902436154,0.997006295584286,0.9982294903723947,False
GradientBoosting_strict,0.7449999999999999,0.9994556822361162,0.9969916205626403,0.9982221307982779,False
GradientBoosting_strict,0.7499999999999999,0.9994556822361162,0.9969916205626403,0.9982221307982779,False
GradientBoosting_strict,0.7549999999999999,0.9994556822361162,0.9969916205626403,0.9982221307982779,False
GradientBoosting_strict,0.7599999999999999,0.9995290654893304,0.9966981201297271,0.9981115854599428,False
GradientBoosting_strict,0.7649999999999999,0.9995290654893304,0.9966981201297271,0.9981115854599428,False
GradientBoosting_strict,0.7699999999999999,0.9995290654893304,0.9966981201297271,0.9981115854599428,False
GradientBoosting_strict,0.7749999999999999,0.9995290654893304,0.9966981201297271,0.9981115854599428,False
GradientBoosting_strict,0.7799999999999999,0.9996173150233291,0.9966540950647902,0.9981335057758444,False
GradientBoosting_strict,0.7849999999999999,0.9996614261320144,0.9965660449349163,0.9981113356604814,False
GradientBoosting_strict,0.7899999999999999,0.9996614261320144,0.9965660449349163,0.9981113356604814,False
GradientBoosting_strict,0.7949999999999999,0.9996614261320144,0.9965660449349163,0.9981113356604814,False
GradientBoosting_strict,0.7999999999999999,0.9996614211479296,0.9965513699132706,0.9981039728383085,False
GradientBoosting_strict,0.8049999999999999,0.9996614211479296,0.9965513699132706,0.9981039728383085,False
GradientBoosting_strict,0.8099999999999999,0.9996614211479296,0.9965513699132706,0.9981039728383085,False
GradientBoosting_strict,0.815,0.9996761372000589,0.9965513699132706,0.9981113079009062,False
GradientBoosting_strict,0.82,0.9996761372000589,0.9965513699132706,0.9981113079009062,False
GradientBoosting_strict,0.825,0.9997055706041691,0.9965513699132706,0.9981259783495381,False
GradientBoosting_strict,0.83,0.9997055706041691,0.9965513699132706,0.9981259783495381,False
GradientBoosting_strict,0.835,0.999735001840265,0.996536694891625,0.9981332862980274,False
GradientBoosting_strict,0.84,0.999749694480027,0.9964339697401053,0.9980890783477877,False
GradientBoosting_strict,0.845,0.999764414865422,0.9964339697401053,0.9980964140556671,False
GradientBoosting_strict,0.8499999999999999,0.9997644009895158,0.9963752696535227,0.9980669582154276,False
GradientBoosting_strict,0.8549999999999999,0.999764387111975,0.9963165695669401,0.9980375006431412,False
GradientBoosting_strict,0.8599999999999999,0.999764387111975,0.9963165695669401,0.9980375006431412,False
GradientBoosting_strict,0.8649999999999999,0.9997643836423343,0.9963018945452945,0.9980301359794194,False
GradientBoosting_strict,0.8699999999999999,0.9997643836423343,0.9963018945452945,0.9980301359794194,False
GradientBoosting_strict,0.8749999999999999,0.9997790999057493,0.9962725445020031,0.9980227421405837,False
GradientBoosting_strict,0.8799999999999999,0.9997790999057493,0.9962725445020031,0.9980227421405837,False
GradientBoosting_strict,0.8849999999999999,0.9998379875103098,0.9962138444154205,0.9980226258646417,False
GradientBoosting_strict,0.8899999999999999,0.9998674384693562,0.9961991693937748,0.9980299332529624,False
GradientBoosting_strict,0.8949999999999999,0.999867434564228,0.9961698193504835,0.9980152020818325,False
GradientBoosting_strict,0.8999999999999999,0.9998968874747742,0.9961404693071922,0.9980151437182975,False
GradientBoosting_strict,0.9049999999999999,0.9998968616472669,0.9958909939392161,0.9978899075823634,False
GradientBoosting_strict,0.9099999999999999,0.9998968570881283,0.995846968874279,0.997867803837953,False
GradientBoosting_strict,0.9149999999999999,0.9998968008255934,0.9953039930733898,0.9975951107940547,False
GradientBoosting_strict,0.9199999999999999,0.9998967094584624,0.9944234917746504,0.9971525902599457,False
GradientBoosting_strict,0.9249999999999999,0.9999261523919241,0.9935283154542653,0.9967169672432831,False
GradientBoosting_strict,0.9299999999999999,0.9999261131060573,0.9930000146750216,0.9964510286126614,False
GradientBoosting_strict,0.9349999999999999,0.9999260978169295,0.9927945643719824,0.9963475699558174,False
GradientBoosting_strict,0.94,0.9999407556615371,0.9907547363632362,0.9953265516733009,False
GradientBoosting_strict,0.945,0.9999555298616979,0.989947610172725,0.9949264033509336,False
GradientBoosting_strict,0.95,0.999985151749124,0.9883186827700571,0.994117690473906,False
XGBoost_strict,0.05,0.9974236236148317,0.9999119498701261,0.998666236735651,False
XGBoost_strict,0.055,0.9974819933243544,0.9998972748484805,0.9986881737766671,False
XGBoost_strict,0.06,0.9975257671585851,0.9998825998268347,0.9987027930258635,False
XGBoost_strict,0.065,0.9975695461200585,0.999867924805189,0.9987174131322237,False
XGBoost_strict,0.07,0.9975987583823831,0.999867924805189,0.9987320526821117,False
XGBoost_strict,0.075,0.9976279028904442,0.9998385747618977,0.9987320155089895,False
XGBoost_strict,0.08,0.9976862699156513,0.9998092247186064,0.99874661917013,False
XGBoost_strict,0.08499999999999999,0.9977154907301643,0.9998092247186064,0.9987612604358311,False
XGBoost_strict,0.09,0.9977446471983832,0.9997798746753151,0.9987612241158146,False
XGBoost_strict,0.095,0.9977738722905682,0.9997798746753151,0.9987758662395637,False
XGBoost_strict,0.09999999999999999,0.9977884854786977,0.9997798746753151,0.9987831874624328,False
XGBoost_strict,0.105,0.9978323276114593,0.9997798746753151,0.998805151775046,False
XGBoost_strict,0.10999999999999999,0.9978615265185359,0.9997651996536695,0.9988124560168895,False
XGBoost_strict,0.11499999999999999,0.9979345501420912,0.9997358496103782,0.9988343877603384,False
XGBoost_strict,0.12,0.998007559553459,0.9996918245454413,0.9988489820455861,False
XGBoost_strict,0.12499999999999999,0.9980221229213977,0.9996624745021498,0.998841625243772,False
XGBoost_strict,0.13,0.998036658803534,0.9996184494372129,0.9988269278707275,False
XGBoost_strict,0.135,0.9980658773883484,0.9996037744155672,0.9988342339303913,False
XGBoost_strict,0.13999999999999999,0.9980804735808692,0.9995890993939216,0.9988342168356685,False
XGBoost_strict,0.145,0.9981096685325752,0.9995597493506303,0.998834182644719,False
XGBoost_strict,0.14999999999999997,0.998109640831758,0.9995450743289847,0.9988268418582825,False
XGBoost_strict,0.15499999999999997,0.9981534673779237,0.9995157242856934,0.998834131354534,False
XGBoost_strict,0.15999999999999998,0.9981826176168841,0.9994570241991106,0.9988194144002112,False
XGBoost_strict,0.16499999999999998,0.9981972210822536,0.999442349177465,0.9988193970858907,False
XGBoost_strict,0.16999999999999998,0.9982995939547633,0.9994129991341737,0.9988559862718353,False
XGBoost_strict,0.175,0.9983142032044798,0.999398324112528,0.9988559694925198,False
XGBoost_strict,0.18,0.9983873095925757,0.9993542990475911,0.9988705702886647,False
XGBoost_strict,0.185,0.9984018532637382,0.9992955989610085,0.9988485261868615,False
XGBoost_strict,0.19,0.9984603654066102,0.9992662489177172,0.9988631446153394,False
XGBoost_strict,0.195,0.9984896031908965,0.9992368988744258,0.9988631112610663,False
XGBoost_strict,0.19999999999999996,0.9985042233693102,0.9992222238527801,0.9988630945831958,False
XGBoost_strict,0.20499999999999996,0.9985188661260284,0.9992222238527801,0.9988704211715346,False
XGBoost_strict,0.20999999999999996,0.9985627758956986,0.9992075488311345,0.9988850583143842,False
XGBoost_strict,0.21499999999999997,0.9985920450545582,0.9991928738094888,0.9988923690831604,False
XGBoost_strict,0.21999999999999997,0.998621276346089,0.9991488487445519,0.9988849928844941,False
XGBoost_strict,0.22499999999999998,0.9986212561236762,0.9991341737229062,0.9988776490782785,False
XGBoost_strict,0.22999999999999998,0.9986212359006703,0.9991194987012606,0.9988703051643193,False
XGBoost_strict,0.235,0.9986504921303155,0.9990901486579693,0.9988702720150239,False
XGBoost_strict,0.24,0.9986504921303155,0.9990901486579693,0.9988702720150239,False
XGBoost_strict,0.245,0.9986651411136537,0.9990901486579693,0.9988775996772182,False
XGBoost_strict,0.24999999999999994,0.998694440369664,0.9990901486579693,0.9988922553241437,False
XGBoost_strict,0.25499999999999995,0.998709071705199,0.9990754736363237,0.998892239070948,False
XGBoost_strict,0.25999999999999995,0.9987383554610137,0.999060798614678,0.9988995510168148,False
XGBoost_strict,0.26499999999999996,0.998752989158341,0.9990461235930324,0.9988995348700718,False
XGBoost_strict,0.26999999999999996,0.9987676417945482,0.9990461235930324,0.9989068632845457,False
XGBoost_strict,0.27499999999999997,0.9987822948606975,0.9990461235930324,0.9989141918065501,False
XGBoost_strict,0.27999999999999997,0.9987968954032601,0.9990020985280953,0.9988994864269992,False
XGBoost_strict,0.285,0.998855499471769,0.9989874235064496,0.9989214571334238,True
XGBoost_strict,0.29,0.9988554826781705,0.998972748484804,0.9989141121399328,False
XGBoost_strict,0.295,0.9988554490894951,0.9989433984415127,0.9988994218296011,False
XGBoost_strict,0.3,0.9988847310881209,0.9989140483982214,0.9988993895280582,False
XGBoost_strict,0.30499999999999994,0.9988993733765757,0.9988993733765757,0.9988993733765757,False
XGBoost_strict,0.30999999999999994,0.9989286605321476,0.9988700233332845,0.9988993410721886,False
XGBoost_strict,0.31499999999999995,0.9989286605321476,0.9988700233332845,0.9988993410721886,False
XGBoost_strict,0.31999999999999995,0.9989286290855188,0.9988406732899932,0.998884649251541,False
XGBoost_strict,0.32499999999999996,0.9989285819121143,0.9987966482250561,0.9988626107120057,False
XGBoost_strict,0.32999999999999996,0.99892855046087,0.9987672981817648,0.9988479178132452,False
XGBoost_strict,0.33499999999999996,0.9989285032805413,0.9987232731168278,0.9988258776564518,False
XGBoost_strict,0.33999999999999997,0.9989578287609905,0.9987232731168278,0.9988405371688559,False
XGBoost_strict,0.3449999999999999,0.9989577981651376,0.9986939230735365,0.9988258431913583,False
XGBoost_strict,0.3499999999999999,0.9989577828665375,0.9986792480518909,0.9988184960408609,False
XGBoost_strict,0.3549999999999999,0.9989577828665375,0.9986792480518909,0.9988184960408609,False
XGBoost_strict,0.35999999999999993,0.9989724016441573,0.998635222986954,0.9988037838591547,False
XGBoost_strict,0.36499999999999994,0.9990017176328964,0.9986205479653083,0.9988110964332892,False
XGBoost_strict,0.36999999999999994,0.9990163693753211,0.9986058729436625,0.9988110789825184,False
XGBoost_strict,0.37499999999999994,0.9990163693753211,0.9986058729436625,0.9988110789825184,False
XGBoost_strict,0.37999999999999995,0.9990163693753211,0.9986058729436625,0.9988110789825184,False
XGBoost_strict,0.38499999999999995,0.9990309792981941,0.99854717285708,0.9987890174895232,False
XGBoost_strict,0.38999999999999996,0.9990309650706956,0.9985324978354343,0.9987816692599008,False
XGBoost_strict,0.39499999999999996,0.999045619393014,0.9985178228137886,0.9987816513761468,False
XGBoost_strict,0.3999999999999999,0.9990602745760223,0.998503147792143,0.9987816334918678,False
XGBoost_strict,0.4049999999999999,0.9990602193800384,0.9984444477055604,0.998752238630692,False
XGBoost_strict,0.4099999999999999,0.9991188909774437,0.9984297726839148,0.9987742129639824,False
XGBoost_strict,0.4149999999999999,0.9991482362616383,0.9984297726839148,0.998788875268833,False
XGBoost_strict,0.41999999999999993,0.9991628849627704,0.9984004226406233,0.9987815082872117,False
XGBoost_strict,0.42499999999999993,0.999162872668527,0.9983857476189777,0.9987741589776339,False
XGBoost_strict,0.42999999999999994,0.999177547034029,0.9983857476189777,0.9987814903987315,False
XGBoost_strict,0.43499999999999994,0.9991922218305722,0.9983857476189777,0.9987888219274614,False
XGBoost_strict,0.43999999999999995,0.9991922218305722,0.9983857476189777,0.9987888219274614,False
XGBoost_strict,0.44499999999999995,0.999206885409629,0.998371072597332,0.9987888041459602,False
XGBoost_strict,0.4499999999999999,0.9992068737607402,0.9983563975756864,0.9987814546201955,False
XGBoost_strict,0.4549999999999999,0.9992068504619361,0.9983270475323951,0.9987667552449606,False
XGBoost_strict,0.4599999999999999,0.9992068388120208,0.9983123725107494,0.9987594053954854,False
XGBoost_strict,0.4649999999999999,0.9992068155111633,0.9982830224674581,0.9987447053728078,False
XGBoost_strict,0.4699999999999999,0.9992068038602212,0.9982683474458125,0.9987373551996006,False
XGBoost_strict,0.4749999999999999,0.9992214469335292,0.9982243223808756,0.9987226357750077,False
XGBoost_strict,0.4799999999999999,0.9992361029498178,0.9981949723375843,0.9987152663069412,False
XGBoost_strict,0.48499999999999993,0.9992360917277548,0.9981802973159385,0.9987079154859265,False
XGBoost_strict,0.48999999999999994,0.9992507602579735,0.9981656222942928,0.9987078965142572,False
XGBoost_strict,0.49499999999999994,0.9992507272353304,0.9981215972293559,0.9986858430793853,False
XGBoost_strict,0.49999999999999994,0.9992947710209659,0.9981215972293559,0.9987078395959063,False
XGBoost_strict,0.5049999999999999,0.9992947606593988,0.9981069222077102,0.9987004882346463,False
XGBoost_strict,0.5099999999999999,0.9992947295728706,0.9980628971427733,0.9986784335031791,False
XGBoost_strict,0.5149999999999999,0.999324095978371,0.9980628971427733,0.9986930983847283,False
XGBoost_strict,0.5199999999999999,0.9993534451089592,0.998033547099482,0.9986930600017622,False
XGBoost_strict,0.5249999999999999,0.9993534071037047,0.9979748470128993,0.9986636513157895,False
XGBoost_strict,0.5299999999999999,0.9993680931107454,0.9979748470128993,0.9986709841325785,False
XGBoost_strict,0.5349999999999999,0.9993827704787938,0.9979601719912536,0.9986709646153508,False
XGBoost_strict,0.5399999999999999,0.9993827704787938,0.9979601719912536,0.9986709646153508,False
XGBoost_strict,0.5449999999999999,0.999397430998501,0.9979161469263167,0.9986562396739729,False
XGBoost_strict,0.5499999999999999,0.9993974221425317,0.997901471904671,0.9986488868002115,False
XGBoost_strict,0.5549999999999999,0.9993974132863022,0.9978867968830254,0.9986415338184649,False
XGBoost_strict,0.5599999999999999,0.9993974044298123,0.9978721218613797,0.9986341807287307,False
XGBoost_strict,0.565,0.999412050034542,0.9977987467531515,0.9986047467982611,False
XGBoost_strict,0.57,0.999412050034542,0.9977987467531515,0.9986047467982611,False
XGBoost_strict,0.575,0.999412050034542,0.9977987467531515,0.9986047467982611,False
XGBoost_strict,0.58,0.999412050034542,0.9977987467531515,0.9986047467982611,False
XGBoost_strict,0.585,0.999412041392286,0.9977840717315059,0.9985973930604002,False
XGBoost_strict,0.59,0.9994267319310315,0.9977840717315059,0.9986047263060496,False
XGBoost_strict,0.595,0.999441422901661,0.9977840717315059,0.9986120596594038,False
XGBoost_strict,0.6,0.9994560983139048,0.9977547216882144,0.9986046853198208,False
XGBoost_strict,0.605,0.9994560663305059,0.9976960216016318,0.9985752684223668,False
XGBoost_strict,0.61,0.9994854454572185,0.9976813465799862,0.9985825811710964,False
XGBoost_strict,0.615,0.9994854378923536,0.9976666715583405,0.9985752265683524,False
XGBoost_strict,0.62,0.9994854227619566,0.9976373215150492,0.9985605170387779,False
XGBoost_strict,0.625,0.9995147986414362,0.997607971471758,0.998560474749552,False
XGBoost_strict,0.63,0.9995147915073811,0.9975932964501123,0.998553119606331,False
XGBoost_strict,0.635,0.9995147772386413,0.997563946406821,0.9985384089957621,False
XGBoost_strict,0.6399999999999999,0.9995147629690625,0.9975345963635296,0.9985236979530081,False
XGBoost_strict,0.6449999999999999,0.9995147558339583,0.9975199213418839,0.9985163422695557,False
XGBoost_strict,0.6499999999999999,0.9995294532835338,0.9975199213418839,0.9985236762664433,False
XGBoost_strict,0.6549999999999999,0.9995294532835338,0.9975199213418839,0.9985236762664433,False
XGBoost_strict,0.6599999999999999,0.9995294463642379,0.9975052463202383,0.9985163204747775,False
XGBoost_strict,0.6649999999999999,0.9995294325250357,0.997475896276947,0.9985016085672733,False
XGBoost_strict,0.6699999999999999,0.9995294186850193,0.9974465462336557,0.9984868962275238,False
XGBoost_strict,0.6749999999999999,0.9995294117647059,0.99743187121201,0.998479539895551,False
XGBoost_strict,0.6799999999999999,0.99955879108758,0.9973878461470731,0.9984721385652794,False
XGBoost_strict,0.6849999999999999,0.999558784598641,0.9973731711254274,0.9984647818006861,False
XGBoost_strict,0.69,0.9995587716201906,0.9973438210821362,0.9984500679472582,False
XGBoost_strict,0.695,0.9995734604127138,0.9973144710388447,0.9984426879793142,False
XGBoost_strict,0.7,0.9995734604127138,0.9973144710388447,0.9984426879793142,False
XGBoost_strict,0.705,0.9995734604127138,0.9973144710388447,0.9984426879793142,False
XGBoost_strict,0.71,0.9995881505015739,0.9972851209955534,0.9984353076860919,False
XGBoost_strict,0.715,0.9995881383855024,0.9972557709522621,0.9984205925349122,False
XGBoost_strict,0.72,0.9996028418869424,0.9972557709522621,0.9984279270675698,False
XGBoost_strict,0.725,0.9996028302025566,0.9972264209089708,0.9984132114836473,False
XGBoost_strict,0.73,0.999602824360106,0.9972117458873252,0.9984058535295285,False
XGBoost_strict,0.735,0.9996175289427618,0.9972117458873252,0.9984131881694362,False
XGBoost_strict,0.74,0.9996322339580452,0.9972117458873252,0.9984205229171105,False
XGBoost_strict,0.7449999999999999,0.9996322285478912,0.9971970708656795,0.9984131648545401,False
XGBoost_strict,0.7499999999999999,0.999661635331156,0.9971823958440339,0.998420476501833,False
XGBoost_strict,0.7549999999999999,0.9996616303532285,0.9971677208223882,0.9984131182226924,False
XGBoost_strict,0.7599999999999999,0.999661620396934,0.997138370779097,0.9983984013400532,False
XGBoost_strict,0.7649999999999999,0.9996910265275796,0.9971090207358055,0.9983983542722797,False
XGBoost_strict,0.7699999999999999,0.999691021981579,0.9970943457141599,0.9983909954521744,False
XGBoost_strict,0.7749999999999999,0.9997204402330646,0.9970943457141599,0.9984056661303239,False
XGBoost_strict,0.7799999999999999,0.9997351422139168,0.9970649956708686,0.9983982836654323,False
XGBoost_strict,0.7849999999999999,0.9997351422139168,0.9970649956708686,0.9983982836654323,False
XGBoost_strict,0.7899999999999999,0.9997351344192822,0.9970356456275773,0.998383565267226,False
XGBoost_strict,0.7949999999999999,0.99973512272647,0.9969916205626403,0.9983614868588307,False
XGBoost_strict,0.7999999999999999,0.9997351188286366,0.9969769455409947,0.9983541271730665,False
XGBoost_strict,0.8049999999999999,0.9997498197230357,0.9969329204760577,0.9983393830734639,False
XGBoost_strict,0.8099999999999999,0.9997645258138577,0.9969035704327663,0.9983319984422188,False
XGBoost_strict,0.815,0.9997645223483009,0.9968888954111207,0.998324638107135,False
XGBoost_strict,0.82,0.9997645188826421,0.996874220389475,0.9983172776638817,False
XGBoost_strict,0.825,0.9997792299540799,0.9968595453678294,0.998317252933785,False
XGBoost_strict,0.83,0.9997939418916134,0.9968448703461837,0.9983172282029614,False
XGBoost_strict,0.835,0.9997939358257286,0.9968155203028924,0.9983025065584974,False
XGBoost_strict,0.84,0.9997939358257286,0.9968155203028924,0.9983025065584974,False
XGBoost_strict,0.845,0.9997939327926523,0.9968008452812468,0.9982951455739921,False
XGBoost_strict,0.8499999999999999,0.9998086462457866,0.9967861702596011,0.9982951205173427,False
XGBoost_strict,0.8549999999999999,0.9998380781346601,0.9967714952379555,0.9983024317114575,False
XGBoost_strict,0.8599999999999999,0.9998380733674851,0.9967421451946642,0.9982877089840162,False
XGBoost_strict,0.8649999999999999,0.9998380662161963,0.9966981201297271,0.9982656240813687,False
XGBoost_strict,0.8699999999999999,0.999838063832293,0.9966834451080815,0.9982582622307472,False
XGBoost_strict,0.8749999999999999,0.9998675009201325,0.9966687700864358,0.998265573095805,False
XGBoost_strict,0.8799999999999999,0.999867495067872,0.9966247450214989,0.9982434865689193,False
XGBoost_strict,0.8849999999999999,0.9998674872640537,0.9965660449349163,0.9982140363513424,False
XGBoost_strict,0.8899999999999999,0.9998674872640537,0.9965660449349163,0.9982140363513424,False
XGBoost_strict,0.8949999999999999,0.9998674833617999,0.996536694891625,0.9981993105931986,False
XGBoost_strict,0.8999999999999999,0.9998969284683571,0.996536694891625,0.9982139838450061,False
XGBoost_strict,0.9049999999999999,0.9999116451669906,0.9964633197833966,0.9981845043402842,False
XGBoost_strict,0.9099999999999999,0.9999263666352498,0.9964192947184597,0.9981697501598712,False
XGBoost_strict,0.9149999999999999,0.999926360128428,0.9963312445885858,0.9981255650869958,False
XGBoost_strict,0.9199999999999999,0.9999263557899079,0.9962725445020031,0.9980961062063998,False
XGBoost_strict,0.9249999999999999,0.9999410802928309,0.9962138444154205,0.9980739825923313,False
XGBoost_strict,0.9299999999999999,0.9999410785570139,0.9961844943721292,0.9980592516356686,False
XGBoost_strict,0.9349999999999999,0.9999410724808485,0.9960817692206096,0.9980076898759769,False
XGBoost_strict,0.94,0.9999410681399632,0.9960083941123813,0.997970856798365,False
XGBoost_strict,0.945,0.9999557985000957,0.9959643690474443,0.9979560927551575,False
XGBoost_strict,0.95,0.9999557926380006,0.9958322938526334,0.9978897834638433,False
LightGBM_strict,0.05,0.9973653395784543,0.999955974935063,0.9986589771586437,False
LightGBM_strict,0.055,0.9974091368180688,0.999955974935063,0.9986809321412868,False
LightGBM_strict,0.06,0.9974237367527373,0.999955974935063,0.9986882506833554,False
LightGBM_strict,0.065,0.9974675020494203,0.9999412999134174,0.9987028690777179,False
LightGBM_strict,0.07,0.9975404796064767,0.9999266248917718,0.9987321270218177,False
LightGBM_strict,0.075,0.9975404796064767,0.9999266248917718,0.9987321270218177,False
LightGBM_strict,0.08,0.997569688451628,0.9999266248917718,0.9987467661436309,False
LightGBM_strict,0.08499999999999999,0.9975988286969253,0.9998972748484805,0.9987467294034872,False
LightGBM_strict,0.09,0.9976572566475342,0.9998972748484805,0.9987760097919217,False
LightGBM_strict,0.095,0.9976864393129603,0.9998825998268347,0.998783312322261,False
LightGBM_strict,0.09999999999999999,0.9977593907886065,0.9998385747618977,0.9987979007241915,False
LightGBM_strict,0.105,0.9977886150286308,0.9998385747618977,0.9988125430636389,False
LightGBM_strict,0.10999999999999999,0.9978323593596672,0.9997945496969608,0.9988124908371206,False
LightGBM_strict,0.11499999999999999,0.9978615265185359,0.9997651996536695,0.9988124560168895,False
LightGBM_strict,0.12,0.9979053143493292,0.9997358496103782,0.9988197432758356,False
LightGBM_strict,0.12499999999999999,0.9979344896285011,0.9997064995670869,0.9988197086659776,False
LightGBM_strict,0.13,0.997934429111365,0.9996771495237955,0.9988050291411605,False
LightGBM_strict,0.135,0.9979782293391154,0.9996477994805042,0.9988123167155425,False
LightGBM_strict,0.13999999999999999,0.998007384398992,0.9996037744155672,0.9988049415301148,False
LightGBM_strict,0.145,0.9980219490395463,0.999574424372276,0.9987975834359787,False
LightGBM_strict,0.14999999999999997,0.9980511963895848,0.999574424372276,0.9988122296356038,False
LightGBM_strict,0.15499999999999997,0.9980657640232108,0.9995450743289847,0.998804871432028,False
LightGBM_strict,0.15999999999999998,0.9980803891974268,0.9995450743289847,0.9988121948000528,False
LightGBM_strict,0.16499999999999998,0.9981096131301289,0.999530399307339,0.9988195009641965,False
LightGBM_strict,0.16999999999999998,0.9981388123571135,0.9995010492640477,0.9988194663401256,False
LightGBM_strict,0.175,0.9981680418565797,0.999486374242402,0.9988267730392444,False
LightGBM_strict,0.18,0.9981972210822536,0.999442349177465,0.9988193970858907,False
LightGBM_strict,0.185,0.998226404584964,0.999398324112528,0.9988120205916431,False
LightGBM_strict,0.19,0.998226404584964,0.999398324112528,0.9988120205916431,False
LightGBM_strict,0.195,0.9982849101410185,0.9993836490908824,0.9988339774568975,False
LightGBM_strict,0.19999999999999996,0.9983287643117881,0.9993542990475911,0.9988412684443663,False
LightGBM_strict,0.20499999999999996,0.9983287398111769,0.9993396240259454,0.9988339261486561,False
LightGBM_strict,0.20999999999999996,0.9983725771926224,0.9992955989610085,0.998833874835899,False
LightGBM_strict,0.21499999999999997,0.9984164687252574,0.9992809239393629,0.9988485092962704,False
LightGBM_strict,0.21999999999999997,0.9984896474866561,0.9992662489177172,0.9988777972553708,True
LightGBM_strict,0.22499999999999998,0.9984896253391011,0.9992515738960714,0.9988704543120773,False
LightGBM_strict,0.22999999999999998,0.9985042233693102,0.9992222238527801,0.9988630945831958,False
LightGBM_strict,0.235,0.9985627548177045,0.9991928738094888,0.9988777149395947,False
LightGBM_strict,0.24,0.9985773579924615,0.9991635237661975,0.9988703548846148,False
LightGBM_strict,0.245,0.9985919624523321,0.9991341737229062,0.998862994505696,False
LightGBM_strict,0.24999999999999994,0.9985918591859186,0.999060798614678,0.9988262738596517,False
LightGBM_strict,0.25499999999999995,0.9985918591859186,0.999060798614678,0.9988262738596517,False
LightGBM_strict,0.25999999999999995,0.9986064659977704,0.9990314485713866,0.9988189120786414,False
LightGBM_strict,0.26499999999999996,0.9986796936889358,0.9990167735497409,0.9988482051808758,False
LightGBM_strict,0.26999999999999996,0.9986796936889358,0.9990167735497409,0.9988482051808758,False
LightGBM_strict,0.27499999999999997,0.9986796936889358,0.9990167735497409,0.9988482051808758,False
LightGBM_strict,0.27999999999999997,0.9986943446050026,0.9990167735497409,0.9988555330574874,False
LightGBM_strict,0.285,0.9986943062952042,0.9989874235064496,0.9988408433964756,False
LightGBM_strict,0.29,0.9987089580704791,0.9989874235064496,0.9988481713803602,False
LightGBM_strict,0.295,0.9987382258869099,0.9989580734631583,0.9988481375778607,False
LightGBM_strict,0.3,0.9987382073741509,0.9989433984415127,0.9988407923697725,False
LightGBM_strict,0.30499999999999994,0.9987382073741509,0.9989433984415127,0.9988407923697725,False
LightGBM_strict,0.30999999999999994,0.9987528427848287,0.998928723419867,0.9988407753598733,False
LightGBM_strict,0.31499999999999995,0.9987528427848287,0.998928723419867,0.9988407753598733,False
LightGBM_strict,0.31999999999999995,0.9987528244857236,0.9989140483982214,0.9988334299360955,False
LightGBM_strict,0.32499999999999996,0.9987967365146446,0.9988700233332845,0.9988333785796568,False
LightGBM_strict,0.32999999999999996,0.9988260499515745,0.9988700233332845,0.9988480361584574,False
LightGBM_strict,0.33499999999999996,0.9988260327243378,0.9988553483116388,0.998840690302888,False
LightGBM_strict,0.33999999999999997,0.9988260154965954,0.9988406732899932,0.9988333443395188,False
LightGBM_strict,0.3449999999999999,0.9988259810395937,0.9988113232467017,0.9988186520893715,False
LightGBM_strict,0.3499999999999999,0.998855264316534,0.9987819732034104,0.9988186174154872,False
LightGBM_strict,0.3549999999999999,0.998869890658252,0.9987526231601191,0.9988112534671774,False
LightGBM_strict,0.35999999999999993,0.998869890658252,0.9987526231601191,0.9988112534671774,False
LightGBM_strict,0.36499999999999994,0.9988991956789761,0.9987379481384735,0.9988185654008439,False
LightGBM_strict,0.36999999999999994,0.9989138252432884,0.9987085980951822,0.9988112011271575,False
LightGBM_strict,0.37499999999999994,0.998913809300141,0.9986939230735365,0.998803854084875,False
LightGBM_strict,0.37999999999999995,0.9989284403669725,0.9986645730302453,0.9987964892711422,False
LightGBM_strict,0.38499999999999995,0.9989284403669725,0.9986645730302453,0.9987964892711422,False
LightGBM_strict,0.38999999999999996,0.9989284403669725,0.9986645730302453,0.9987964892711422,False
LightGBM_strict,0.39499999999999996,0.9989283931769473,0.9986205479653083,0.998774446849888,False
LightGBM_strict,0.3999999999999999,0.9989430572070287,0.9986205479653083,0.9987817765514002,False
LightGBM_strict,0.4049999999999999,0.9989430106579759,0.9985765229003712,0.9987597331591578,False
LightGBM_strict,0.4099999999999999,0.998942979622996,0.99854717285708,0.9987450370250772,False
LightGBM_strict,0.4149999999999999,0.998942979622996,0.99854717285708,0.9987450370250772,False
LightGBM_strict,0.41999999999999993,0.9989576298558299,0.9985324978354343,0.9987450186045488,False
LightGBM_strict,0.42499999999999993,0.9989576145522882,0.9985178228137886,0.9987376702677313,False
LightGBM_strict,0.42999999999999994,0.9989722356810407,0.9984737977488517,0.9987229545254381,False
LightGBM_strict,0.43499999999999994,0.9989722356810407,0.9984737977488517,0.9987229545254381,False
LightGBM_strict,0.43999999999999995,0.9989722356810407,0.9984737977488517,0.9987229545254381,False
LightGBM_strict,0.44499999999999995,0.9989869031538146,0.9984737977488517,0.9987302845483703,False
LightGBM_strict,0.4499999999999999,0.9990015710573069,0.9984737977488517,0.9987376146788991,False
LightGBM_strict,0.4549999999999999,0.9990015710573069,0.9984737977488517,0.9987376146788991,False
LightGBM_strict,0.4599999999999999,0.9990162105015858,0.9984444477055604,0.9987302472714995,False
LightGBM_strict,0.4649999999999999,0.9990308654665061,0.9984297726839148,0.9987302286322434,False
LightGBM_strict,0.4699999999999999,0.9990602055800294,0.9984297726839148,0.9987448896457066,False
LightGBM_strict,0.4749999999999999,0.9990601779787953,0.9984004226406233,0.9987301913520893,False
LightGBM_strict,0.4799999999999999,0.9990748355263158,0.9983857476189777,0.9987301727111914,False
LightGBM_strict,0.48499999999999993,0.9990894671914469,0.9983417225540407,0.9987154549124674,False
LightGBM_strict,0.48999999999999994,0.9991041005757255,0.9982976974891038,0.9987007362494587,False
LightGBM_strict,0.49499999999999994,0.9991040742590254,0.9982683474458125,0.9986860360128901,False
LightGBM_strict,0.49999999999999994,0.9991333470430976,0.9981802973159385,0.9986565947981588,False
LightGBM_strict,0.5049999999999999,0.9991479860152187,0.9981362722510015,0.9986418728939853,False
LightGBM_strict,0.5099999999999999,0.9991479484655728,0.9980922471860646,0.9986198188145124,False
LightGBM_strict,0.5149999999999999,0.9991479359482885,0.998077572164419,0.9986124672388098,False
LightGBM_strict,0.5199999999999999,0.9991625898012253,0.9980482221211276,0.9986050950737831,False
LightGBM_strict,0.5249999999999999,0.9991919370004702,0.998033547099482,0.99861240611716,False
LightGBM_strict,0.5299999999999999,0.9991919370004702,0.998033547099482,0.99861240611716,False
LightGBM_strict,0.5349999999999999,0.9991919251281901,0.9980188720778363,0.998605054109217,False
LightGBM_strict,0.5399999999999999,0.9992065940847181,0.9980041970561907,0.9986050336260316,False
LightGBM_strict,0.5449999999999999,0.9992065940847181,0.9980041970561907,0.9986050336260316,False
LightGBM_strict,0.5499999999999999,0.99920658242727,0.997989522034545,0.9985976814020249,False
LightGBM_strict,0.5549999999999999,0.9992065707694794,0.9979748470128993,0.9985903290700577,False
LightGBM_strict,0.5599999999999999,0.9992065357940519,0.9979308219479623,0.9985682714263687,False
LightGBM_strict,0.565,0.999221206688806,0.9979161469263167,0.9985682504019913,False
LightGBM_strict,0.57,0.9992211952448826,0.997901471904671,0.9985608975300303,False
LightGBM_strict,0.575,0.9992652137493203,0.9978574468397341,0.9985608341287907,False
LightGBM_strict,0.58,0.9992652029509449,0.9978427718180884,0.9985534808244425,False
LightGBM_strict,0.585,0.9992651921522522,0.9978280967964428,0.9985461274121068,False
LightGBM_strict,0.59,0.9992798777261772,0.9978280967964428,0.998553459581311,False
LightGBM_strict,0.595,0.9993092501690133,0.9978280967964428,0.998568124242758,False
LightGBM_strict,0.6,0.9993092400170486,0.9978134217747971,0.9985607707219644,False
LightGBM_strict,0.605,0.9993092298647854,0.9977987467531515,0.9985534170931761,False
LightGBM_strict,0.61,0.9993238873537539,0.9977547216882144,0.9985386880502868,False
LightGBM_strict,0.615,0.9993385757330786,0.9977547216882144,0.9985460206494441,False
LightGBM_strict,0.62,0.9993385757330786,0.9977547216882144,0.9985460206494441,False
LightGBM_strict,0.625,0.9993532645441985,0.9977547216882144,0.9985533533562937,False
LightGBM_strict,0.63,0.9993532360247535,0.9977106966232775,0.9985312908484733,False
LightGBM_strict,0.635,0.9993679166237928,0.9976960216016318,0.9985312692770907,False
LightGBM_strict,0.6399999999999999,0.9993825980860541,0.9976813465799862,0.9985312477050745,False
LightGBM_strict,0.6449999999999999,0.9993825890100844,0.9976666715583405,0.9985238931034229,False
LightGBM_strict,0.6499999999999999,0.9993825708573445,0.9976373215150492,0.99850918357605,False
LightGBM_strict,0.6549999999999999,0.9993972538296434,0.9976226464934036,0.9985091616788455,False
LightGBM_strict,0.6599999999999999,0.9993972361070274,0.9975932964501123,0.998494451502978,False
LightGBM_strict,0.6649999999999999,0.9993972183833691,0.997563946406821,0.9984797408949699,False
LightGBM_strict,0.6699999999999999,0.9993972095211491,0.9975492713851752,0.9984723854289071,False
LightGBM_strict,0.6749999999999999,0.9993972006586685,0.9975345963635296,0.9984650298548021,False
LightGBM_strict,0.6799999999999999,0.9993972006586685,0.9975345963635296,0.9984650298548021,False
LightGBM_strict,0.6849999999999999,0.9994118771411348,0.9975052463202383,0.9984576515173771,False
LightGBM_strict,0.69,0.9994118771411348,0.9975052463202383,0.9984576515173771,False
LightGBM_strict,0.695,0.9994118771411348,0.9975052463202383,0.9984576515173771,False
LightGBM_strict,0.7,0.9994265549183944,0.997475896276947,0.998450272854803,False
LightGBM_strict,0.705,0.9994412339906186,0.9974465462336557,0.9984428938670584,False
LightGBM_strict,0.71,0.999455930359086,0.9974465462336557,0.9984502273244754,False
LightGBM_strict,0.715,0.9994706038057705,0.9974025211687187,0.9984354915714863,False
LightGBM_strict,0.72,0.9994999852936851,0.9973731711254274,0.9984354456041897,False
LightGBM_strict,0.725,0.9994999852936851,0.9973731711254274,0.9984354456041897,False
LightGBM_strict,0.73,0.9994999632325906,0.9973291460604904,0.998413374663944,False
LightGBM_strict,0.735,0.9995146559204624,0.9973144710388447,0.9984133513545278,False
LightGBM_strict,0.74,0.9995440573017017,0.9973144710388447,0.9984280194514229,False
LightGBM_strict,0.7449999999999999,0.9995734415909158,0.9972704459739078,0.9984206157394824,False
LightGBM_strict,0.7499999999999999,0.9995881323271995,0.9972410959306165,0.9984132347971733,False
LightGBM_strict,0.7549999999999999,0.9995881323271995,0.9972410959306165,0.9984132347971733,False
LightGBM_strict,0.7599999999999999,0.9996028360448354,0.9972410959306165,0.9984205693296603,False
LightGBM_strict,0.7649999999999999,0.9996028302025566,0.9972264209089708,0.9984132114836473,False
LightGBM_strict,0.7699999999999999,0.9996028126746889,0.9971823958440339,0.9983911372969637,False
LightGBM_strict,0.7749999999999999,0.9996322014947331,0.9971236957574512,0.9983763729199574,False
LightGBM_strict,0.7799999999999999,0.9996322014947331,0.9971236957574512,0.9983763729199574,False
LightGBM_strict,0.7849999999999999,0.9996321960836239,0.9971090207358055,0.9983690142086781,False
LightGBM_strict,0.7899999999999999,0.9996321906723554,0.9970943457141599,0.9983616553892721,False
LightGBM_strict,0.7949999999999999,0.9996321798493408,0.9970649956708686,0.9983469374260714,False
LightGBM_strict,0.7999999999999999,0.9996321690256893,0.9970356456275773,0.998332219030336,False
LightGBM_strict,0.8049999999999999,0.9996468614814161,0.9969916205626403,0.9983174754784909,False
LightGBM_strict,0.8099999999999999,0.9996615706066715,0.9969916205626403,0.998324810439076,False
LightGBM_strict,0.815,0.9996615656268393,0.9969769455409947,0.9983174507542082,False
LightGBM_strict,0.82,0.9996909765142151,0.9969475954977034,0.9983174013034629,False
LightGBM_strict,0.825,0.9996909719667427,0.9969329204760577,0.9983100412937737,False
LightGBM_strict,0.83,0.9996909583235225,0.9968888954111207,0.9982879606157463,False
LightGBM_strict,0.835,0.9997203785191835,0.996874220389475,0.9982952708461923,False
LightGBM_strict,0.84,0.9997350876418385,0.9968595453678294,0.998295245793225,False
LightGBM_strict,0.845,0.9997350837429724,0.9968448703461837,0.9982878851339932,False
LightGBM_strict,0.8499999999999999,0.9997350837429724,0.9968448703461837,0.9982878851339932,False
LightGBM_strict,0.8549999999999999,0.9997497939479572,0.9968301953245381,0.9982878599719297,False
LightGBM_strict,0.8599999999999999,0.9997497902653695,0.9968155203028924,0.9982804990961598,False
LightGBM_strict,0.8649999999999999,0.9997645015528179,0.9968008452812468,0.9982804738249904,False
LightGBM_strict,0.8699999999999999,0.9997644911536989,0.9967568202163098,0.9982583902234698,False
LightGBM_strict,0.8749999999999999,0.9997644911536989,0.9967568202163098,0.9982583902234698,False
LightGBM_strict,0.8799999999999999,0.9997644876871219,0.9967421451946642,0.9982510288065843,False
LightGBM_strict,0.8849999999999999,0.9997792007065578,0.9967274701730185,0.9982510031011625,False
LightGBM_strict,0.8899999999999999,0.9998086293444819,0.9966981201297271,0.9982509516880521,False
LightGBM_strict,0.8949999999999999,0.9998380614483195,0.9966687700864358,0.9982509002719189,False
LightGBM_strict,0.8999999999999999,0.9998380471430044,0.996580719956562,0.9982067262464722,False
LightGBM_strict,0.9049999999999999,0.9998527657945494,0.9965660449349163,0.9982066998868163,False
LightGBM_strict,0.9099999999999999,0.9998527614588395,0.996536694891625,0.9981919741290607,False
LightGBM_strict,0.9149999999999999,0.9998674775079882,0.996492669826688,0.9981772211442347,False
LightGBM_strict,0.9199999999999999,0.9998674775079882,0.996492669826688,0.9981772211442347,False
LightGBM_strict,0.9249999999999999,0.9998821918211672,0.9964192947184597,0.9981477398015436,False
LightGBM_strict,0.9299999999999999,0.9998969148074516,0.996404619696814,0.9981477125720334,False
LightGBM_strict,0.9349999999999999,0.9999116347569956,0.9963459196102314,0.9981255926435024,False
LightGBM_strict,0.94,0.9999116334555738,0.9963312445885858,0.9981182281942341,False
LightGBM_strict,0.945,0.9999116178355207,0.9961551443288379,0.9980298463574212,False
LightGBM_strict,0.95,0.9999116126276093,0.9960964442422553,0.9980003822798582,False
CatBoost_strict,0.05,0.9972486060091615,0.9999706499567087,0.9986077730230377,False
CatBoost_strict,0.055,0.9973215461850329,0.999955974935063,0.9986370231412953,False
CatBoost_strict,0.06,0.997379938230946,0.999955974935063,0.9986662953789334,False
CatBoost_strict,0.065,0.9974382996164769,0.9999412999134174,0.9986882314575287,False
CatBoost_strict,0.07,0.9974821039071307,0.9999412999134174,0.9987101880487197,False
CatBoost_strict,0.075,0.9974967061923584,0.9999412999134174,0.9987175071269961,False
CatBoost_strict,0.08,0.9975697240319157,0.9999412999134174,0.9987541041275797,False
CatBoost_strict,0.08499999999999999,0.9975697240319157,0.9999412999134174,0.9987541041275797,False
CatBoost_strict,0.09,0.9975842935156581,0.9999266248917718,0.9987540858654705,False
CatBoost_strict,0.095,0.9975842935156581,0.9999266248917718,0.9987540858654705,False
CatBoost_strict,0.09999999999999999,0.9976135049267214,0.9999266248917718,0.9987687256310281,False
CatBoost_strict,0.105,0.9976135049267214,0.9999266248917718,0.9987687256310281,False
CatBoost_strict,0.10999999999999999,0.9976281112737921,0.9999266248917718,0.9987760456747506,False
CatBoost_strict,0.11499999999999999,0.9976280418167442,0.9998972748484805,0.9987613693831033,False
CatBoost_strict,0.12,0.997657188039945,0.999867924805189,0.9987613330694753,False
CatBoost_strict,0.12499999999999999,0.9976717965238019,0.999867924805189,0.9987686534345774,False
CatBoost_strict,0.13,0.9977155910908052,0.9998532497835434,0.9987832766506392,False
CatBoost_strict,0.135,0.9977448123361694,0.9998532497835434,0.9987979183464047,False
CatBoost_strict,0.13999999999999999,0.9977740352932563,0.9998532497835434,0.9988125604714575,False
CatBoost_strict,0.145,0.9978032599622161,0.9998532497835434,0.9988272030258162,False
CatBoost_strict,0.14999999999999997,0.9978178090216755,0.9998238997402521,0.9988198470932321,False
CatBoost_strict,0.15499999999999997,0.99784700558021,0.9998092247186064,0.9988271514440697,False
CatBoost_strict,0.15999999999999998,0.9978469109763599,0.9997651996536695,0.9988051342574605,False
CatBoost_strict,0.16499999999999998,0.9979199320315819,0.9997358496103782,0.9988270654644088,False
CatBoost_strict,0.16999999999999998,0.9979783181951363,0.9996918245454413,0.9988343364882004,False
CatBoost_strict,0.175,0.9979782293391154,0.9996477994805042,0.9988123167155425,False
CatBoost_strict,0.18,0.997992762222906,0.9996037744155672,0.9987976186984956,False
CatBoost_strict,0.185,0.9980219200562653,0.9995597493506303,0.9987902427579533,False
CatBoost_strict,0.19,0.9981388941807471,0.9995450743289847,0.9988414893461014,False
CatBoost_strict,0.195,0.9981972475047267,0.9994570241991106,0.9988267386266976,False
CatBoost_strict,0.19999999999999996,0.9982556946439565,0.9994129991341737,0.9988340116598834,False
CatBoost_strict,0.20499999999999996,0.9983580601653668,0.9993689740692367,0.9988632613398849,False
CatBoost_strict,0.20999999999999996,0.9984019235562333,0.9993396240259454,0.9988705537220389,False
CatBoost_strict,0.21499999999999997,0.9984458161664443,0.9993249490042998,0.9988851891511302,False
CatBoost_strict,0.21999999999999997,0.9984457250106307,0.9992662489177172,0.9988558184565285,False
CatBoost_strict,0.22499999999999998,0.9985042672375869,0.9992515738960714,0.9988777807931816,False
CatBoost_strict,0.22999999999999998,0.9985920244049104,0.9991781987878432,0.998885025600399,False
CatBoost_strict,0.235,0.9986065886356302,0.9991194987012606,0.9988629778243998,False
CatBoost_strict,0.24,0.9986211954528786,0.9990901486579693,0.9988556170131604,False
CatBoost_strict,0.245,0.9986650823688187,0.9990461235930324,0.9988555666412348,False
CatBoost_strict,0.24999999999999994,0.9986796936889358,0.9990167735497409,0.9988482051808758,False
CatBoost_strict,0.25499999999999995,0.9986943254503844,0.9990020985280953,0.998848188280866,False
CatBoost_strict,0.25999999999999995,0.9987236102756708,0.9989874235064496,0.998855499471769,False
CatBoost_strict,0.26499999999999996,0.9987674971388326,0.998928723419867,0.9988481037733773,False
CatBoost_strict,0.26999999999999996,0.9987967894821793,0.9989140483982214,0.998855415498848,False
CatBoost_strict,0.27499999999999997,0.9988113930180346,0.9988700233332845,0.9988407073152836,False
CatBoost_strict,0.27999999999999997,0.9988553483116388,0.9988553483116388,0.9988553483116388,False
CatBoost_strict,0.285,0.9988846656198177,0.9988553483116388,0.998870006750609,False
CatBoost_strict,0.29,0.9988993087659049,0.9988406732899932,0.9988699901674469,False
CatBoost_strict,0.295,0.9989579511264401,0.9988406732899932,0.9988993087659049,False
CatBoost_strict,0.3,0.9989725223109441,0.9987526231601191,0.9988625606328566,False
CatBoost_strict,0.30499999999999994,0.9990018202102049,0.9987232731168278,0.9988625272443071,False
CatBoost_strict,0.30999999999999994,0.999089814733257,0.9987232731168278,0.9989065103000858,True
CatBoost_strict,0.31499999999999995,0.9991044688472606,0.9987085980951822,0.9989064942499211,False
CatBoost_strict,0.31999999999999995,0.9991043899574218,0.9986205479653083,0.998862410368946,False
CatBoost_strict,0.32499999999999996,0.9991483738345203,0.9985911979220169,0.9988697081792026,False
CatBoost_strict,0.32999999999999996,0.9991630078853467,0.99854717285708,0.9988549954493409,False
CatBoost_strict,0.33499999999999996,0.9991923285900994,0.9985178228137886,0.998854961832061,False
CatBoost_strict,0.33999999999999997,0.9992069785884219,0.9984884727704973,0.9988475964679199,False
CatBoost_strict,0.3449999999999999,0.9992069203542422,0.9984150976622691,0.9988108520758706,False
CatBoost_strict,0.3499999999999999,0.9992656130662123,0.9984004226406233,0.9988328304961571,False
CatBoost_strict,0.3549999999999999,0.9992656130662123,0.9984004226406233,0.9988328304961571,False
CatBoost_strict,0.35999999999999993,0.9993096255820444,0.998371072597332,0.9988401286135866,False
CatBoost_strict,0.36499999999999994,0.9993095951583524,0.9983270475323951,0.9988180797098789,False
CatBoost_strict,0.36999999999999994,0.9993242548440645,0.9982976974891038,0.9988107123979562,False
CatBoost_strict,0.37499999999999994,0.9993242548440645,0.9982976974891038,0.9988107123979562,False
CatBoost_strict,0.37999999999999995,0.9993242250624357,0.9982536724241668,0.9987886618751514,False
CatBoost_strict,0.38499999999999995,0.9993388575458392,0.9981802973159385,0.9987592414486773,False
CatBoost_strict,0.38999999999999996,0.9993535021084647,0.9981215972293559,0.9987371697919267,False
CatBoost_strict,0.39499999999999996,0.9993534926092451,0.9981069222077102,0.9987298184301143,False
CatBoost_strict,0.3999999999999999,0.9993534736099683,0.998077572164419,0.9987151153826387,False
CatBoost_strict,0.4049999999999999,0.9993534546095747,0.9980482221211276,0.9987004119033459,False
CatBoost_strict,0.4099999999999999,0.9993534356080644,0.9980188720778363,0.998685707992217,False
CatBoost_strict,0.4149999999999999,0.9993827886197978,0.997989522034545,0.9986856693907821,False
CatBoost_strict,0.41999999999999993,0.9994121364431315,0.997945496969608,0.9986782782371169,False
CatBoost_strict,0.42499999999999993,0.9994121191634455,0.9979161469263167,0.9986635728132527,False
CatBoost_strict,0.42999999999999994,0.9994267824860003,0.9978721218613797,0.9986488471141137,False
CatBoost_strict,0.43499999999999994,0.9994414393226717,0.9978134217747971,0.9986267670277217,False
CatBoost_strict,0.43999999999999995,0.9994414064796848,0.9977547216882144,0.9985973518590595,False
CatBoost_strict,0.44499999999999995,0.9994560903184077,0.9977400466665688,0.9985973312574815,False
CatBoost_strict,0.4499999999999999,0.9994560663305059,0.9976960216016318,0.9985752684223668,False
CatBoost_strict,0.4549999999999999,0.9994560583340684,0.9976813465799862,0.9985679139279551,False
CatBoost_strict,0.4599999999999999,0.9994560183483541,0.997607971471758,0.9985311398354877,False
CatBoost_strict,0.4649999999999999,0.9994853697985591,0.9975345963635296,0.9985090302821091,False
CatBoost_strict,0.4699999999999999,0.9994853546641571,0.9975052463202383,0.9984943188077943,False
CatBoost_strict,0.4749999999999999,0.9994853243926828,0.9974465462336557,0.998464894562495,False
CatBoost_strict,0.4799999999999999,0.9995293910025442,0.9973878461470731,0.998457470251212,False
CatBoost_strict,0.48499999999999993,0.9995440908288723,0.9973878461470731,0.9984648043543731,False
CatBoost_strict,0.48999999999999994,0.9995734917786864,0.9973878461470731,0.9984794728839331,False
CatBoost_strict,0.49499999999999994,0.9995734666862774,0.9973291460604904,0.9984500451764083,False
CatBoost_strict,0.49999999999999994,0.9996028652536514,0.9973144710388447,0.9984573569382208,False
CatBoost_strict,0.5049999999999999,0.9996028535706406,0.9972851209955534,0.998442642219088,False
CatBoost_strict,0.5099999999999999,0.9996322610064281,0.9972851209955534,0.9984573116083628,False
CatBoost_strict,0.5149999999999999,0.9996322610064281,0.9972851209955534,0.9984573116083628,False
CatBoost_strict,0.5199999999999999,0.9996322555970698,0.9972704459739078,0.9984499540863178,False
CatBoost_strict,0.5249999999999999,0.9996322555970698,0.9972704459739078,0.9984499540863178,False
CatBoost_strict,0.5299999999999999,0.9996322339580452,0.9972117458873252,0.9984205229171105,False
CatBoost_strict,0.5349999999999999,0.9996469290180213,0.9971823958440339,0.9984131415389589,False
CatBoost_strict,0.5399999999999999,0.9996469290180213,0.9971823958440339,0.9984131415389589,False
CatBoost_strict,0.5449999999999999,0.999646923823815,0.9971677208223882,0.9984057832599895,False
CatBoost_strict,0.5499999999999999,0.9996616253751545,0.9971530458007426,0.9984057598354332,False
CatBoost_strict,0.5549999999999999,0.9996910265275796,0.9971090207358055,0.9983983542722797,False
CatBoost_strict,0.5599999999999999,0.999691021981579,0.9970943457141599,0.9983909954521744,False
CatBoost_strict,0.565,0.999691021981579,0.9970943457141599,0.9983909954521744,False
CatBoost_strict,0.57,0.9996910174354448,0.9970796706925142,0.9983836365239369,False
CatBoost_strict,0.575,0.9996910128891766,0.9970649956708686,0.998376277487565,False
CatBoost_strict,0.58,0.9996910083427747,0.9970503206492229,0.9983689183430562,False
CatBoost_strict,0.585,0.9997057179011801,0.9970503206492229,0.9983762536277139,False
CatBoost_strict,0.59,0.9997057179011801,0.9970503206492229,0.9983762536277139,False
CatBoost_strict,0.595,0.9997057179011801,0.9970503206492229,0.9983762536277139,False
CatBoost_strict,0.6,0.9997204278924677,0.9970503206492229,0.998383589020161,False
CatBoost_strict,0.605,0.9997498491737665,0.9970503206492229,0.9983982601284331,False
CatBoost_strict,0.61,0.9997498491737665,0.9970503206492229,0.9983982601284331,False
CatBoost_strict,0.615,0.9997498491737665,0.9970503206492229,0.9983982601284331,False
CatBoost_strict,0.62,0.9997498454928044,0.9970356456275773,0.9983909008750854,False
CatBoost_strict,0.625,0.9997498418117339,0.9970209706059316,0.998383541513593,False
CatBoost_strict,0.63,0.9997498418117339,0.9970209706059316,0.998383541513593,False
CatBoost_strict,0.635,0.9997645466050563,0.9969916205626403,0.9983761581812972,False
CatBoost_strict,0.6399999999999999,0.9997645466050563,0.9969916205626403,0.9983761581812972,False
CatBoost_strict,0.6449999999999999,0.9997645431401115,0.9969769455409947,0.9983687984951799,False
CatBoost_strict,0.6499999999999999,0.9997645431401115,0.9969769455409947,0.9983687984951799,False
CatBoost_strict,0.6549999999999999,0.9997645396750647,0.996962270519349,0.9983614387009074,False
CatBoost_strict,0.6599999999999999,0.9997792494481236,0.9969475954977034,0.9983614146208842,False
CatBoost_strict,0.6649999999999999,0.9998086772237593,0.9969475954977034,0.9983760865891205,False
CatBoost_strict,0.6699999999999999,0.9998086744079945,0.9969329204760577,0.9983687265779998,False
CatBoost_strict,0.6749999999999999,0.9998086715921467,0.9969182454544121,0.9983613664587145,False
CatBoost_strict,0.6799999999999999,0.9998233839632639,0.9969035704327663,0.9983613423765679,False
CatBoost_strict,0.6849999999999999,0.9998233813637902,0.9968888954111207,0.9983539820407683,False
CatBoost_strict,0.69,0.9998233813637902,0.9968888954111207,0.9983539820407683,False
CatBoost_strict,0.695,0.9998233787642401,0.996874220389475,0.9983466215967961,False
CatBoost_strict,0.7,0.9998233709651305,0.9968301953245381,0.9983245396158199,False
CatBoost_strict,0.705,0.999823363165332,0.9967861702596011,0.9983024566612042,False
CatBoost_strict,0.71,0.9998380805181424,0.9967861702596011,0.9983097929128882,False
CatBoost_strict,0.715,0.9998380805181424,0.9967861702596011,0.9983097929128882,False
CatBoost_strict,0.72,0.9998380805181424,0.9967861702596011,0.9983097929128882,False
CatBoost_strict,0.725,0.9998675165236336,0.9967861702596011,0.9983244657397337,False
CatBoost_strict,0.73,0.9998675087223424,0.9967274701730185,0.9982950202833794,False
CatBoost_strict,0.735,0.9998675048213523,0.9966981201297271,0.9982802969060043,False
CatBoost_strict,0.74,0.9998822213061657,0.9966687700864358,0.9982729096695011,False
CatBoost_strict,0.7449999999999999,0.9998822213061657,0.9966687700864358,0.9982729096695011,False
CatBoost_strict,0.7499999999999999,0.9998822213061657,0.9966687700864358,0.9982729096695011,False
CatBoost_strict,0.7549999999999999,0.9998822195721626,0.9966540950647902,0.9982655476018991,False
CatBoost_strict,0.7599999999999999,0.9998822195721626,0.9966540950647902,0.9982655476018991,False
CatBoost_strict,0.7649999999999999,0.9998822195721626,0.9966540950647902,0.9982655476018991,False
CatBoost_strict,0.7699999999999999,0.9998822195721626,0.9966540950647902,0.9982655476018991,False
CatBoost_strict,0.7749999999999999,0.9998822195721626,0.9966540950647902,0.9982655476018991,False
CatBoost_strict,0.7799999999999999,0.999896937573616,0.9966247450214989,0.9982581598230231,False
CatBoost_strict,0.7849999999999999,0.999896937573616,0.9966247450214989,0.9982581598230231,False
CatBoost_strict,0.7899999999999999,0.999896937573616,0.9966247450214989,0.9982581598230231,False
CatBoost_strict,0.7949999999999999,0.999896937573616,0.9966247450214989,0.9982581598230231,False
CatBoost_strict,0.7999999999999999,0.9998969360561846,0.9966100699998532,0.9982507974305831,False
CatBoost_strict,0.8049999999999999,0.9998969360561846,0.9966100699998532,0.9982507974305831,False
CatBoost_strict,0.8099999999999999,0.9999116568753037,0.9965953949782076,0.9982507717183595,False
CatBoost_strict,0.815,0.9999116568753037,0.9965953949782076,0.9982507717183595,False
CatBoost_strict,0.82,0.9999116555745332,0.996580719956562,0.9982434091092834,False
CatBoost_strict,0.825,0.9999116555745332,0.996580719956562,0.9982434091092834,False
CatBoost_strict,0.83,0.9999116542737245,0.9965660449349163,0.9982360463919799,False
CatBoost_strict,0.835,0.9999116516719921,0.996536694891625,0.9982213206326807,False
CatBoost_strict,0.84,0.9999263753092237,0.996536694891625,0.9982286575282056,False
CatBoost_strict,0.845,0.9999263753092237,0.996536694891625,0.9982286575282056,False
CatBoost_strict,0.8499999999999999,0.9999263742250887,0.9965220198699793,0.9982212944860129,False
CatBoost_strict,0.8549999999999999,0.9999263731409218,0.9965073448483337,0.9982139313355824,False
CatBoost_strict,0.8599999999999999,0.999926372056723,0.996492669826688,0.9982065680769118,False
CatBoost_strict,0.8649999999999999,0.9999263633819826,0.9963752696535227,0.9981476581106112,False
CatBoost_strict,0.8699999999999999,0.9999263633819826,0.9963752696535227,0.9981476581106112,False
CatBoost_strict,0.8749999999999999,0.9999263633819826,0.9963752696535227,0.9981476581106112,False
CatBoost_strict,0.8799999999999999,0.9999263612129781,0.9963459196102314,0.9981329295364667,False
CatBoost_strict,0.8849999999999999,0.9999263579592318,0.9963018945452945,0.9981108358632451,False
CatBoost_strict,0.8899999999999999,0.999926353620456,0.9962431944587118,0.9980813761164407,False
CatBoost_strict,0.8949999999999999,0.9999263503660387,0.9961991693937748,0.998059280169372,False
CatBoost_strict,0.8999999999999999,0.9999263471113337,0.9961551443288379,0.9980371832476899,False
CatBoost_strict,0.9049999999999999,0.9999263416861861,0.9960817692206096,0.9980003528789038,False
CatBoost_strict,0.9099999999999999,0.9999263297480477,0.9959203439825074,0.9979193165359194,False
CatBoost_strict,0.9149999999999999,0.9999263264915201,0.9958763189175704,0.9978972134401882,False
CatBoost_strict,0.9199999999999999,0.9999263156343488,0.9957295687011138,0.9978235294117647,False
CatBoost_strict,0.9249999999999999,0.9999263036877635,0.9955681434630116,0.9977424644640376,False
CatBoost_strict,0.9299999999999999,0.9999262939104029,0.9954360682682007,0.9976761288424768,False
CatBoost_strict,0.9349999999999999,0.9999262776090354,0.9952159429435159,0.9975655499577097,False
CatBoost_strict,0.94,0.9999262569502825,0.9949371175322483,0.997425448339782,False
CatBoost_strict,0.945,0.9999409872827595,0.9946436170993352,0.9972852676108148,False
CatBoost_strict,0.95,0.9999409716073432,0.9943794667097134,0.9971524645529664,False
